18,254,17,4,7,1,4,0,1,7,-3401941414912153152,Node(132)
18,254,17,3,5,1,3,0,1,5,3787708070061499975,Node(223)
18,254,16,4,5,1,4,0,1,5,994261584190755973,Node(141)
18,254,18,4,5,1,4,0,1,5,7374428123017134873,Node(30)
18,254,11,3,3,1,3,0,1,3,-6984160015211449038,Node(19)
18,254,9,2,3,1,2,0,1,3,-7593211599673528709,Node(138)
18,254,12,3,4,1,3,0,1,4,-5846719251618015458,Node(128)
18,254,17,5,6,1,5,0,1,6,6678082976787842112,Node(24)
18,254,18,5,6,1,5,0,1,6,3919848076361011522,Node(193)
18,254,25,5,6,1,5,0,1,6,2770971229885599525,Node(78)
18,254,18,4,5,1,4,0,1,5,940438757364307135,Node(222)
18,254,17,5,6,1,5,0,1,6,-959508018099149697,Node(30)
18,254,14,3,5,1,3,0,1,5,9086261276013266746,Node(171)
18,254,20,5,6,1,5,0,1,6,6751284464301668724,Node(65)
18,254,16,3,5,1,3,0,1,5,-3463120329632639651,Node(17)
18,254,18,3,6,1,3,0,1,6,-698248314796251347,Node(9)
18,254,29,4,7,1,5,1,1,7,-5244413639494837121,Node(242)
18,254,13,2,5,1,3,1,1,5,-8272534484693422668,Node(140)
18,254,16,4,6,1,4,0,1,6,7814102106015913120,Node(65)
18,254,20,3,8,1,4,1,1,8,-3791838000339343130,Node(21)
18,254,15,3,5,1,4,1,1,5,1816672971647739952,Node(184)
18,254,18,2,7,1,2,0,1,7,654861616160290568,Node(84)
18,254,16,3,3,1,3,0,1,3,8491148850703617561,Node(33)
18,254,30,4,7,1,4,0,1,7,6097468051464137636,Node(1)
18,254,20,4,5,1,4,0,1,5,-3778911570166271294,Node(244)
18,254,22,4,4,1,4,0,1,4,4041187999268895524,Node(173)
18,254,17,4,4,1,4,0,1,4,3211587009396030113,Node(152)
18,254,18,4,4,1,4,0,1,4,3134435979228164720,Node(161)
18,254,15,2,4,1,4,2,1,4,-6358079102805776242,Node(26)
18,254,19,6,7,1,6,0,1,7,4395830303357559865,Node(57)
18,254,14,2,4,1,2,0,1,4,-8599314353347741847,Node(115)
18,254,22,3,4,1,4,1,1,4,3886941548630008750,Node(227)
18,254,19,4,4,1,4,0,1,4,-6754703092998153033,Node(65)
18,254,22,5,5,1,5,0,1,5,-4352148763885188661,Node(226)
18,254,20,3,6,1,4,1,1,6,3750958775298537516,Node(96)
18,254,12,4,7,1,5,1,1,7,4742963252690659510,Node(15)
18,254,19,4,6,1,5,1,1,6,-2651964875451180822,Node(218)
18,254,11,3,4,1,3,0,1,4,551967766035111365,Node(254)
18,254,13,4,5,1,4,0,1,5,6852249603852141578,Node(114)
18,254,8,2,3,1,2,0,1,3,-6966584060360687775,Node(167)
18,254,17,2,5,1,2,0,1,5,-2900812668500159958,Node(131)
18,254,23,4,8,1,5,1,1,8,-8502003381935783883,Node(13)
18,254,12,2,3,1,2,0,1,3,-7252097716093716734,Node(124)
18,254,16,3,5,1,4,1,1,5,5542785247498367259,Node(123)
18,254,27,5,5,1,5,0,1,5,-2714404822955540501,Node(90)
18,254,17,3,6,1,4,1,1,6,5106336816976681622,Node(239)
18,254,16,3,3,1,3,0,1,3,7824378171518881194,Node(189)
18,254,21,2,7,1,4,2,1,7,-6865233659776033117,Node(41)
18,254,16,4,6,1,4,0,1,6,5930458068534593380,Node(45)
18,254,17,5,6,1,5,0,1,6,-6554513783835012011,Node(40)
18,254,23,4,5,1,4,0,1,5,-1152896826570673945,Node(194)
18,254,19,4,6,1,4,0,1,6,2652145400503749137,Node(245)
18,254,18,5,6,1,5,0,1,6,-2616721888846008605,Node(52)
18,254,19,4,7,1,4,0,1,7,-1556366324454528547,Node(110)
18,254,23,2,8,1,4,2,1,8,-7030932263000078405,Node(221)
18,254,14,2,5,1,4,2,1,5,-2742308144697185014,Node(105)
18,254,17,4,5,1,4,0,1,5,-6096815171880847695,Node(169)
18,254,31,6,6,1,6,0,1,6,-7208965688838434905,Node(149)
18,254,9,3,3,1,3,0,1,3,-5148159512748728717,Node(63)
18,254,13,4,5,1,4,0,1,5,8475987247064863534,Node(12)
18,254,11,3,4,1,3,0,1,4,1053364199573614752,Node(231)
18,254,15,5,6,1,5,0,1,6,6100880957767734570,Node(120)
18,254,19,3,4,1,4,1,1,4,-4060466478740153072,Node(54)
18,254,12,2,4,1,2,0,1,4,-2892163602008113047,Node(61)
18,254,10,4,5,1,4,0,1,5,4710466961474133779,Node(2)
18,254,23,4,5,1,4,0,1,5,5964354378880662844,Node(127)
18,254,14,3,5,1,4,1,1,5,-8588854607213506511,Node(93)
18,254,20,3,5,1,3,0,1,5,423748983531044848,Node(20)
18,254,18,5,6,1,5,0,1,6,1626625311761112962,Node(50)
18,254,29,3,5,1,4,1,1,5,-772683075461108232,Node(84)
18,254,24,3,5,1,4,1,1,5,74421542059553974,Node(39)
18,254,24,6,10,1,6,0,1,10,-8795787640600010803,Node(72)
18,254,17,4,5,1,4,0,1,5,-5626554131253436589,Node(243)
18,254,31,4,7,1,5,1,1,7,3601876903707535142,Node(156)
18,254,16,3,5,1,3,0,1,5,-1217957600358545562,Node(159)
18,254,14,3,5,1,3,0,1,5,-4927063476199505649,Node(134)
18,254,23,5,6,1,5,0,1,6,1432389037797179790,Node(210)
18,254,18,3,5,1,3,0,1,5,-1487795176869733969,Node(84)
18,254,18,4,4,1,4,0,1,4,-8966709473579256246,Node(68)
18,254,13,5,7,1,5,0,1,7,2975034418218809092,Node(134)
18,254,22,5,6,1,5,0,1,6,2871695941898765646,Node(186)
18,254,19,3,6,1,4,1,1,6,-7907879145886894818,Node(11)
18,254,17,4,5,1,4,0,1,5,8426760616033641771,Node(114)
18,254,13,4,5,1,4,0,1,5,-7510773033190665137,Node(170)
18,254,18,3,6,1,3,0,1,6,-2704482260842332493,Node(38)
18,254,25,4,5,1,4,0,1,5,18902696521172819,Node(202)
18,254,10,3,4,1,3,0,1,4,-1352229492903202938,Node(89)
18,254,14,4,5,1,4,0,1,5,7342293110745912876,Node(206)
18,254,21,4,4,1,4,0,1,4,7553620989892579797,Node(26)
18,254,20,3,7,1,5,2,1,7,8259225575817715478,Node(11)
18,254,14,4,6,1,4,0,1,6,3121510570566206865,Node(98)
18,254,8,3,4,1,3,0,1,4,-7257835077222837738,Node(119)
18,254,15,5,7,1,6,1,1,7,6460541935185153423,Node(75)
18,254,22,4,6,1,4,0,1,6,-1925062076650230158,Node(158)
18,254,15,3,5,1,3,0,1,5,8626188682290624491,Node(156)
18,254,12,4,7,1,4,0,1,7,7307420473314084920,Node(111)
18,254,20,3,4,1,3,0,1,4,-2820811208616770241,Node(105)
18,254,18,4,7,1,4,0,1,7,-5273334407301914537,Node(41)
18,254,25,5,6,1,5,0,1,6,8995425306759801638,Node(79)
18,254,21,6,7,1,6,0,1,7,-4934229057848914338,Node(30)
18,254,16,4,4,1,4,0,1,4,-6510180979785895454,Node(227)
18,254,16,4,5,1,4,0,1,5,-6325162766955076233,Node(212)
18,254,14,2,8,1,3,1,1,8,8796187422341818734,Node(31)
18,254,4,2,3,1,2,0,1,3,7632805996934260993,Node(69)
18,254,14,3,6,1,3,0,1,6,-7363718659286896929,Node(97)
18,254,28,4,7,1,4,0,1,7,1127743402267366634,Node(244)
18,254,12,3,4,1,3,0,1,4,6118493620360223395,Node(42)
18,254,12,2,2,1,2,0,1,2,-1280612058872730922,Node(64)
18,254,25,4,5,1,5,1,1,5,917394602726858086,Node(39)
18,254,19,5,6,1,6,1,1,6,-1787762809360163442,Node(172)
18,254,17,4,5,1,4,0,1,5,8284021083743663410,Node(72)
18,254,12,3,5,1,4,1,1,5,-5135984072655855431,Node(141)
18,254,14,6,7,1,6,0,1,7,3067934007076899885,Node(188)
18,254,8,2,5,1,3,1,1,5,1966956508304891877,Node(40)
18,254,14,3,7,1,3,0,1,7,3915606068219541134,Node(115)
18,254,14,6,7,1,6,0,1,7,312079419804950985,Node(239)
18,254,23,6,8,1,6,0,1,8,-5013614267437926659,Node(166)
18,254,9,3,4,1,3,0,1,4,5316807994465256336,Node(13)
18,254,19,4,4,1,4,0,1,4,5566911004995818797,Node(149)
18,254,14,5,5,1,5,0,1,5,-1731712024761528823,Node(224)
18,254,9,4,4,1,4,0,1,4,-8096115455755573482,Node(147)
18,254,18,3,6,1,4,1,1,6,-200286801720935791,Node(233)
18,254,22,3,5,1,5,2,1,5,8830779505750201371,Node(1)
18,254,9,4,4,1,4,0,1,4,-2926261196068334259,Node(60)
18,254,20,3,7,1,4,1,1,7,-4535245566927408617,Node(154)
18,254,11,4,6,1,4,0,1,6,-3219293149139817357,Node(245)
18,254,12,3,4,1,3,0,1,4,2385698128587801478,Node(251)
18,254,7,2,3,1,2,0,1,3,-5997986946255169288,Node(162)
18,254,21,4,6,1,4,0,1,6,-7386519114552589100,Node(84)
18,254,13,4,4,1,4,0,1,4,-4856706449340837604,Node(37)
18,254,16,3,5,1,4,1,1,5,-7923045380828455854,Node(118)
18,254,19,4,8,1,5,1,1,8,-1984878606055781702,Node(82)
18,254,17,6,6,1,6,0,1,6,7959957536955127012,Node(65)
18,254,7,3,3,1,3,0,1,3,4843745254069888174,Node(129)
18,254,17,3,6,1,3,0,1,6,4301242995814737309,Node(240)
18,254,15,5,5,1,5,0,1,5,-5654077255812625458,Node(94)
18,254,5,3,4,1,3,0,1,4,6202924331231867641,Node(13)
18,254,14,6,6,1,6,0,1,6,7738044664447479471,Node(108)
18,254,16,5,7,1,5,0,1,7,1089786193513611509,Node(130)
18,254,19,5,6,1,5,0,1,6,-7653992292593947364,Node(16)
18,254,23,4,6,1,5,1,1,6,3580129335144829215,Node(148)
18,254,16,3,8,1,4,1,1,8,-1647750313345294220,Node(32)
18,254,17,4,7,1,4,0,1,7,5480996859196369533,Node(194)
18,254,22,4,7,1,5,1,1,7,-2603934928547313985,Node(136)
18,254,16,4,5,1,4,0,1,5,-3480519531795784435,Node(121)
18,254,7,2,4,1,2,0,1,4,-8072221576531687744,Node(183)
18,254,24,4,4,1,4,0,1,4,4931609726236364423,Node(85)
18,254,18,4,8,1,5,1,1,8,-7256241400724711446,Node(209)
18,254,25,4,5,1,4,0,1,5,1820781571492710799,Node(231)
18,254,13,4,6,1,4,0,1,6,-8464350344814889883,Node(44)
18,254,10,3,5,1,4,1,1,5,481883387652455459,Node(184)
18,254,13,5,6,1,5,0,1,6,1439015627882311912,Node(139)
18,254,17,4,5,1,4,0,1,5,1549474452953202547,Node(132)
18,254,22,4,7,1,5,1,1,7,-4132713328589543701,Node(122)
18,254,12,4,4,1,4,0,1,4,-5840699652806214300,Node(199)
18,254,16,4,4,1,4,0,1,4,-424304174014597679,Node(52)
18,254,23,6,8,1,6,0,1,8,1665928682148147219,Node(102)
18,254,20,3,6,1,3,0,1,6,7229673666669496433,Node(143)
18,254,17,6,6,1,6,0,1,6,3550062857605122301,Node(222)
18,254,19,4,7,1,6,2,1,7,3053378551370373350,Node(36)
18,254,17,4,5,1,4,0,1,5,-7107410910919096208,Node(229)
18,254,18,3,8,1,4,1,1,8,1015765717308789200,Node(44)
18,254,13,4,6,1,4,0,1,6,582161966661428884,Node(6)
18,254,17,2,3,1,2,0,1,3,2180216670567366524,Node(35)
18,254,18,4,7,1,4,0,1,7,1694279066956250370,Node(104)
18,254,14,4,6,1,4,0,1,6,-1199112042740764362,Node(165)
18,254,12,2,4,1,2,0,1,4,-54830987114916812,Node(3)
18,254,14,5,6,1,5,0,1,6,5312738453075424562,Node(113)
18,254,21,4,6,1,4,0,1,6,3650135357717301542,Node(206)
18,254,15,3,7,1,5,2,1,7,5795990068168599572,Node(110)
18,254,26,5,6,1,5,0,1,6,-1890774822624102595,Node(242)
18,254,20,4,4,1,4,0,1,4,-8570515176922563867,Node(240)
18,254,13,4,7,1,4,0,1,7,6995035260780045223,Node(217)
18,254,17,3,5,1,4,1,1,5,7447947920162612589,Node(22)
18,254,10,5,6,1,5,0,1,6,-1512239429776272582,Node(105)
18,254,8,3,5,1,3,0,1,5,8613994818949576258,Node(55)
18,254,4,2,4,1,2,0,1,4,1623198063567803879,Node(63)
18,254,16,4,6,1,4,0,1,6,-3409076087610577470,Node(188)
18,254,14,4,6,1,4,0,1,6,2593817141858385960,Node(57)
18,254,15,4,5,1,4,0,1,5,-8626143963535472786,Node(236)
18,254,20,5,5,1,5,0,1,5,-4136404444106669619,Node(110)
18,254,17,2,5,1,3,1,1,5,3363235961156878077,Node(94)
18,254,18,2,7,1,4,2,1,7,1982946838438700904,Node(119)
18,254,8,4,5,1,4,0,1,5,-51871615211834318,Node(117)
18,254,17,5,6,1,5,0,1,6,-991445379017346394,Node(93)
18,254,19,4,5,1,4,0,1,5,-4368369653827378536,Node(191)
18,254,19,3,6,1,4,1,1,6,-8821811646267116858,Node(143)
18,254,18,3,7,1,4,1,1,7,1055854254761184370,Node(254)
18,254,14,4,6,1,4,0,1,6,8605681992714352663,Node(62)
18,254,21,5,6,1,5,0,1,6,-2638109546227677472,Node(28)
18,254,7,2,4,1,2,0,1,4,5096219033114241611,Node(248)
18,254,15,6,6,1,6,0,1,6,-7687666305604231957,Node(237)
18,254,15,3,5,1,3,0,1,5,-3699349679562889088,Node(124)
18,254,21,3,7,1,4,1,1,7,7173059640096989773,Node(201)
18,254,11,4,6,1,4,0,1,6,-2659690606390685564,Node(212)
18,254,19,4,6,1,4,0,1,6,1230620925621707545,Node(160)
18,254,21,3,5,1,3,0,1,5,-7015890227752302075,Node(100)
18,254,6,4,5,1,4,0,1,5,-4712537051982788590,Node(228)
18,254,18,5,6,1,5,0,1,6,1862077371825763997,Node(81)
18,254,16,4,4,1,4,0,1,4,-2452941291573324313,Node(7)
18,254,17,4,6,1,5,1,1,6,-6806659995362739469,Node(69)
18,254,15,3,3,1,3,0,1,3,6056106827385794146,Node(59)
18,254,21,3,6,1,4,1,1,6,-6298975315765949469,Node(163)
18,254,17,2,6,1,3,1,1,6,-431174742790067503,Node(9)
18,254,8,3,5,1,3,0,1,5,-8486891915118791997,Node(204)
18,254,21,4,5,1,4,0,1,5,3742588311344001270,Node(55)
18,254,13,3,5,1,3,0,1,5,405331555666506532,Node(129)
18,254,16,5,7,1,5,0,1,7,1219081775547671991,Node(30)
18,254,14,4,8,1,5,1,1,8,-2920189872351633231,Node(90)
18,254,17,5,6,1,5,0,1,6,873435954088132218,Node(220)
18,254,8,5,5,1,5,0,1,5,755415051648400573,Node(180)
18,254,20,3,4,1,3,0,1,4,5393104455680833242,Node(202)
18,254,14,4,4,1,4,0,1,4,-6761475315662933848,Node(161)
18,254,15,5,8,1,5,0,1,8,-1430163157083805201,Node(228)
18,254,13,4,5,1,4,0,1,5,-5886420032433756872,Node(109)
18,254,12,4,5,1,4,0,1,5,5196363373585820053,Node(235)
18,254,14,2,5,1,2,0,1,5,-934043224693610168,Node(158)
18,254,20,5,7,1,5,0,1,7,4452197463225361593,Node(48)
18,254,13,3,4,1,3,0,1,4,-3577135920559445735,Node(75)
18,254,18,5,6,1,5,0,1,6,5132825081486957050,Node(46)
18,254,25,2,7,1,3,1,1,7,-1618848225479134307,Node(109)
18,254,19,3,6,1,3,0,1,6,-3905461975114140942,Node(173)
18,254,20,5,8,1,5,0,1,8,8601591180178580244,Node(246)
18,254,18,5,7,1,5,0,1,7,-4060634694560040535,Node(165)
18,254,21,4,5,1,4,0,1,5,-6422612618551103099,Node(4)
18,254,9,2,2,1,2,0,1,2,7537632089104165500,Node(27)
18,254,19,4,5,1,4,0,1,5,-6397947733172521694,Node(99)
18,254,5,2,2,1,2,0,1,2,-502617641369297558,Node(61)
18,254,21,4,5,1,4,0,1,5,-4612005976263936481,Node(158)
18,254,24,5,6,1,5,0,1,6,-602202149658369373,Node(58)
18,254,16,3,6,1,3,0,1,6,-633415893775462415,Node(248)
18,254,20,4,8,1,5,1,1,8,4408573284996447948,Node(216)
18,254,15,4,5,1,4,0,1,5,-6192347859171535976,Node(4)
18,254,15,4,4,1,4,0,1,4,-5373864731481942211,Node(129)
18,254,13,4,5,1,4,0,1,5,-3529156862077664003,Node(107)
18,254,14,3,3,1,3,0,1,3,-7593168404282667450,Node(63)
18,254,16,6,6,1,6,0,1,6,5036898624309527302,Node(146)
18,254,17,3,4,1,3,0,1,4,2525120672821020415,Node(216)
18,254,18,3,5,1,3,0,1,5,768098382893787895,Node(154)
18,254,23,3,6,1,3,0,1,6,-4635176286390845885,Node(165)
18,254,18,5,7,1,6,1,1,7,-7718913965806146158,Node(8)
18,254,14,2,5,1,2,0,1,5,-417298489830714498,Node(148)
18,254,24,4,6,1,4,0,1,6,-607300582182291183,Node(210)
18,254,14,3,4,1,3,0,1,4,643625142056072235,Node(229)
18,254,22,2,5,1,3,1,1,5,5278201607541058547,Node(195)
18,254,13,4,5,1,4,0,1,5,2851183728738581252,Node(112)
18,254,15,4,4,1,4,0,1,4,3714351513109944093,Node(186)
18,254,18,6,6,1,6,0,1,6,-4546896127344008780,Node(219)
18,254,12,6,7,1,6,0,1,7,-4057770237525897231,Node(145)
18,254,14,6,6,1,6,0,1,6,-1038695777578571059,Node(42)
18,254,21,4,5,1,4,0,1,5,6455716724777782348,Node(42)
18,254,23,4,8,1,5,1,1,8,4489959238709282940,Node(156)
18,254,11,5,5,1,5,0,1,5,-2615568274502332805,Node(112)
18,254,15,5,5,1,5,0,1,5,3450442058313601643,Node(70)
18,254,22,4,8,1,5,1,1,8,4513676012046680855,Node(73)
18,254,21,3,4,1,4,1,1,4,4468526807291752437,Node(75)
18,254,17,3,3,1,3,0,1,3,-5509011933528262147,Node(14)
18,254,16,5,6,1,5,0,1,6,-755222084011942625,Node(253)
18,254,16,3,5,1,3,0,1,5,-5597337810893362287,Node(229)
18,254,21,4,6,1,4,0,1,6,1789993799694996636,Node(156)
18,254,12,4,6,1,4,0,1,6,-8855687527970073241,Node(235)
18,254,19,5,8,1,5,0,1,8,7127495063859264955,Node(99)
18,254,22,6,6,1,6,0,1,6,3540250547746297126,Node(111)
18,254,4,3,3,1,3,0,1,3,-8688532959472245601,Node(103)
18,254,9,3,6,1,3,0,1,6,-6967137221876105142,Node(165)
18,254,28,3,5,1,4,1,1,5,9078422694517523003,Node(34)
18,254,15,4,4,1,4,0,1,4,-4262279281658992143,Node(203)
18,254,13,4,5,1,4,0,1,5,-8839588725899573279,Node(6)
18,254,17,4,4,1,4,0,1,4,5997103067290325945,Node(15)
18,254,15,4,6,1,4,0,1,6,-5916890642658444001,Node(238)
18,254,13,4,5,1,4,0,1,5,8356871972942988659,Node(83)
18,254,20,5,7,1,5,0,1,7,-5004942884074573183,Node(129)
18,254,10,4,6,1,4,0,1,6,-4346222441563655206,Node(167)
18,254,18,3,6,1,3,0,1,6,5256111913964424366,Node(91)
18,254,11,3,3,1,3,0,1,3,-4824050942708752279,Node(95)
18,254,20,3,5,1,3,0,1,5,2814789122832324659,Node(37)
18,254,19,3,8,1,4,1,1,8,6929810606367777888,Node(95)
18,254,15,3,4,1,3,0,1,4,-1285680614792959279,Node(125)
18,254,20,4,6,1,4,0,1,6,7099050673650848006,Node(226)
18,254,14,6,9,1,6,0,1,9,5449352625129653013,Node(62)
18,254,25,3,5,1,3,0,1,5,-4766207086194811212,Node(200)
18,254,21,3,6,1,3,0,1,6,3129870120257940627,Node(238)
18,254,18,4,8,1,6,2,1,8,65259143344028025,Node(159)
18,254,19,6,9,1,7,1,1,9,1911686745312737492,Node(235)
18,254,23,3,6,1,5,2,1,6,-8478996863763323900,Node(37)
18,254,14,4,7,1,4,0,1,7,-6392901520428099024,Node(115)
18,254,18,5,7,1,5,0,1,7,-64638201736798565,Node(76)
18,254,11,3,5,1,3,0,1,5,-3898033144675790765,Node(75)
18,254,11,3,6,1,3,0,1,6,3568726552778672639,Node(5)
18,254,16,3,5,1,4,1,1,5,-1644655981244563525,Node(19)
18,254,12,4,5,1,4,0,1,5,-8347033778546062738,Node(52)
18,254,8,1,5,1,2,1,1,5,-3478014329130672124,Node(128)
18,254,22,4,5,1,4,0,1,5,873382199337607237,Node(246)
18,254,13,5,8,1,6,1,1,8,739512167941507631,Node(42)
18,254,11,5,6,1,5,0,1,6,-524997738571764285,Node(111)
18,254,17,4,5,1,4,0,1,5,5934750555363886109,Node(85)
18,254,13,4,7,1,5,1,1,7,911295501813186439,Node(78)
18,254,6,4,4,1,4,0,1,4,7266753986522342858,Node(197)
18,254,6,3,4,1,3,0,1,4,-2969876815638509114,Node(164)
18,254,21,4,5,1,4,0,1,5,3496743054723176607,Node(170)
18,254,6,1,3,1,1,0,1,3,-8632481053487231007,Node(168)
18,254,13,4,7,1,4,0,1,7,-658630779386859797,Node(17)
18,254,18,3,4,1,3,0,1,4,-6485997357427029627,Node(156)
18,254,20,5,5,1,5,0,1,5,-187137007142659017,Node(82)
18,254,15,3,4,1,3,0,1,4,3553233923077712879,Node(228)
18,254,20,3,4,1,4,1,1,4,6526970396417253402,Node(183)
18,254,12,3,6,1,4,1,1,6,1693492342521720077,Node(194)
18,254,20,6,7,1,6,0,1,7,-1204409823804011080,Node(228)
18,254,9,3,6,1,4,1,1,6,8547088368860619246,Node(223)
18,254,17,3,3,1,3,0,1,3,8138577566466839575,Node(189)
18,254,13,3,5,1,3,0,1,5,-1826600521222714141,Node(156)
18,254,16,3,5,1,4,1,1,5,5491426308295720168,Node(38)
18,254,13,4,5,1,4,0,1,5,-3060202423142668659,Node(212)
18,254,16,5,7,1,5,0,1,7,392568082422605454,Node(183)
18,254,17,3,6,1,3,0,1,6,7798893550938948567,Node(77)
18,254,7,3,3,1,3,0,1,3,8182126263382722330,Node(198)
18,254,14,4,6,1,5,1,1,6,-7450959870335331658,Node(55)
18,254,9,3,6,1,3,0,1,6,5348396563672427912,Node(223)
18,254,19,6,6,1,6,0,1,6,-2703813498248231310,Node(128)
18,254,23,6,6,1,6,0,1,6,-2264135327698993452,Node(38)
18,254,13,4,5,1,4,0,1,5,86420792778641280,Node(39)
18,254,21,4,6,1,4,0,1,6,-1765545469694228583,Node(232)
18,254,15,3,6,1,3,0,1,6,7790829794532260738,Node(181)
18,254,17,6,7,1,6,0,1,7,-5102934533110656960,Node(224)
18,254,14,3,3,1,3,0,1,3,652043662640470872,Node(37)
18,254,22,4,5,1,4,0,1,5,-5436548334598840186,Node(175)
18,254,18,5,6,1,5,0,1,6,9049918073354280104,Node(246)
18,254,11,4,4,1,4,0,1,4,-2013591978340948437,Node(10)
18,254,17,4,6,1,4,0,1,6,2309843482879345922,Node(193)
18,254,22,5,7,1,5,0,1,7,-1434884495316852716,Node(172)
18,254,4,3,3,1,3,0,1,3,213021860753962601,Node(236)
18,254,13,4,5,1,4,0,1,5,589392681628014496,Node(69)
18,254,20,6,7,1,6,0,1,7,2588836295679622295,Node(124)
18,254,13,4,8,1,4,0,1,8,4451635123780305442,Node(63)
18,254,24,3,6,1,4,1,1,6,-5240966082466491455,Node(204)
18,254,21,3,6,1,3,0,1,6,6958262001942703155,Node(17)
18,254,12,4,4,1,4,0,1,4,2799941724462297106,Node(157)
18,254,17,3,4,1,4,1,1,4,-4206364385506041040,Node(26)
18,254,15,4,4,1,4,0,1,4,-4130462083532010359,Node(244)
18,254,13,4,5,1,4,0,1,5,3241085572852293540,Node(47)
18,254,21,4,7,1,6,2,1,7,-8824607868990022168,Node(230)
18,254,23,4,5,1,4,0,1,5,-3395404569865926126,Node(20)
18,254,19,4,5,1,4,0,1,5,2989287537157068235,Node(240)
18,254,20,3,7,1,6,3,1,7,2581984950318799128,Node(54)
18,254,10,3,5,1,3,0,1,5,-6513792716014671252,Node(155)
18,254,17,4,7,1,5,1,1,7,-8913546418017469139,Node(80)
18,254,22,3,5,1,3,0,1,5,1850395963147013524,Node(60)
18,254,20,4,4,1,4,0,1,4,-5113063124797816586,Node(147)
18,254,22,6,7,1,6,0,1,7,-2247860512111500363,Node(101)
18,254,10,2,4,1,2,0,1,4,7396257813200623817,Node(68)
18,254,14,4,5,1,4,0,1,5,4973700782481344838,Node(85)
18,254,26,4,5,1,5,1,1,5,-7072654615981123883,Node(17)
18,254,8,2,4,1,2,0,1,4,8490395270722740611,Node(87)
18,254,10,4,5,1,4,0,1,5,-3808120663898423364,Node(234)
18,254,21,3,4,1,3,0,1,4,1112345412668499614,Node(163)
18,254,16,4,4,1,4,0,1,4,2225932112858741897,Node(15)
18,254,10,4,6,1,4,0,1,6,-1695891338370828373,Node(223)
18,254,31,4,4,1,4,0,1,4,1651159776366317234,Node(124)
18,254,17,5,6,1,5,0,1,6,1780914725705321598,Node(60)
18,254,9,4,5,1,4,0,1,5,1733239693562324196,Node(226)
18,254,8,3,3,1,3,0,1,3,5075536372040638193,Node(2)
18,254,17,3,7,1,3,0,1,7,6899914277332074141,Node(107)
18,254,13,4,6,1,4,0,1,6,-8382071843710556726,Node(136)
18,254,22,5,6,1,5,0,1,6,7246948725235312377,Node(93)
18,254,20,2,6,1,4,2,1,6,-4741601480918927326,Node(39)
18,254,19,5,8,1,6,1,1,8,8210300119571027367,Node(190)
18,254,16,3,6,1,4,1,1,6,-1289814887343997029,Node(231)
18,254,17,2,6,1,4,2,1,6,-7944213198082560883,Node(203)
18,254,25,4,7,1,4,0,1,7,-6362178351954804154,Node(20)
18,254,19,5,6,1,6,1,1,6,1675256500870887769,Node(18)
18,254,19,2,6,1,4,2,1,6,-7471908403524388446,Node(46)
18,254,20,4,7,1,5,1,1,7,4672666162852470351,Node(226)
18,254,19,4,4,1,4,0,1,4,-6468389091703115592,Node(33)
18,254,14,4,4,1,4,0,1,4,-8970424829665285670,Node(107)
18,254,12,5,5,1,5,0,1,5,-8840942309907286126,Node(32)
18,254,19,4,8,1,4,0,1,8,-6468271599083889040,Node(132)
18,254,10,5,7,1,5,0,1,7,8394842829757262880,Node(213)
18,254,17,4,6,1,4,0,1,6,-2058611464826857733,Node(201)
18,254,14,6,9,1,7,1,1,9,4358670646385954334,Node(59)
18,254,22,4,5,1,4,0,1,5,851312570537098149,Node(188)
18,254,18,6,9,1,6,0,1,9,8125816943939160099,Node(197)
18,254,27,3,6,1,4,1,1,6,-8406744670987972487,Node(29)
18,254,17,4,4,1,4,0,1,4,-7656503302964342936,Node(26)
18,254,19,5,5,1,5,0,1,5,-4385720477261538487,Node(152)
18,254,4,2,2,1,2,0,1,2,8605576796693637120,Node(210)
18,254,13,5,6,1,5,0,1,6,3503386625955646578,Node(107)
18,254,18,3,5,1,3,0,1,5,-4887760270078533418,Node(85)
18,254,6,3,3,1,3,0,1,3,5511012149062230590,Node(158)
18,254,17,4,6,1,5,1,1,6,1158546847860675025,Node(211)
18,254,11,3,5,1,4,1,1,5,-6556868754281966754,Node(105)
18,254,20,3,5,1,4,1,1,5,-184824617436547447,Node(12)
18,254,7,4,5,1,4,0,1,5,-7536859622799520553,Node(257)
18,254,25,4,5,1,4,0,1,5,-4811844990323387750,Node(62)
18,254,15,4,5,1,4,0,1,5,1336517861599312190,Node(233)
18,254,15,5,6,1,5,0,1,6,9197263308145271124,Node(217)
18,254,23,4,5,1,4,0,1,5,9210768080455551220,Node(156)
18,254,24,2,4,1,4,2,1,4,-4132456978193625759,Node(166)
18,254,26,3,6,1,3,0,1,6,1802338121219541081,Node(203)
18,254,8,2,3,1,2,0,1,3,-1140351594460026651,Node(7)
18,254,12,4,6,1,5,1,1,6,-2463157378556485719,Node(222)
18,254,21,4,7,1,4,0,1,7,-8130251436114416395,Node(168)
18,254,18,5,7,1,6,1,1,7,679271136530422859,Node(65)
18,254,15,2,4,1,4,2,1,4,3272812926169156436,Node(200)
18,254,24,4,5,1,4,0,1,5,-2191761755585172160,Node(235)
18,254,16,3,5,1,3,0,1,5,-785201068485191015,Node(40)
18,254,11,2,3,1,3,1,1,3,-5397521278582752879,Node(180)
18,254,22,6,6,1,6,0,1,6,-85337542468771494,Node(217)
18,254,12,4,4,1,4,0,1,4,-3030616888914200655,Node(19)
18,254,20,2,6,1,4,2,1,6,-5627115102279044661,Node(102)
18,254,20,4,8,1,4,0,1,8,-6139843183677502537,Node(220)
18,254,20,3,4,1,3,0,1,4,-1207638767304370140,Node(199)
18,254,27,5,6,1,5,0,1,6,1224602754231587265,Node(204)
18,254,15,6,10,1,6,0,1,10,-1390928782614835322,Node(35)
18,254,22,7,7,1,7,0,1,7,5842050565602656817,Node(68)
18,254,17,5,6,1,5,0,1,6,-6822218382328444999,Node(217)
18,254,26,4,6,1,5,1,1,6,-5853909192078522100,Node(167)
18,254,19,5,5,1,5,0,1,5,-6755019785600711200,Node(148)
18,254,18,6,8,1,6,0,1,8,5703280043229232126,Node(105)
18,254,15,4,5,1,4,0,1,5,7629889365105401940,Node(99)
18,254,17,4,6,1,5,1,1,6,4777771448212756100,Node(246)
18,254,15,4,5,1,4,0,1,5,7506701118861969271,Node(77)
18,254,12,5,6,1,5,0,1,6,-8558067483590631653,Node(140)
18,254,22,3,5,1,3,0,1,5,228816612749469962,Node(248)
18,254,18,3,6,1,4,1,1,6,2435728142376040569,Node(8)
18,254,17,3,6,1,3,0,1,6,5465710172428534821,Node(124)
18,254,11,1,4,1,2,1,1,4,-4890146050431879414,Node(242)
18,254,9,3,4,1,3,0,1,4,4643893100209762747,Node(12)
18,254,11,3,6,1,3,0,1,6,-7889361189177468346,Node(10)
18,254,19,4,6,1,5,1,1,6,-6144032077660855141,Node(51)
18,254,17,7,8,1,7,0,1,8,1210851691142149225,Node(151)
18,254,11,3,4,1,3,0,1,4,-4474047478020393176,Node(245)
18,254,15,4,6,1,4,0,1,6,8855927305016028836,Node(32)
18,254,19,4,7,1,4,0,1,7,8578814632478515882,Node(66)
18,254,4,2,3,1,2,0,1,3,663570145653840997,Node(176)
18,254,13,4,5,1,4,0,1,5,1251011515026678769,Node(253)
18,254,22,3,6,1,4,1,1,6,8433991007437782281,Node(106)
18,254,18,3,5,1,4,1,1,5,-8874494212182929946,Node(165)
18,254,6,2,3,1,2,0,1,3,7360001866305591080,Node(79)
18,254,20,4,6,1,4,0,1,6,-8679958811400237756,Node(19)
18,254,16,3,6,1,4,1,1,6,5343201098457621151,Node(15)
18,254,23,4,7,1,5,1,1,7,5015352079086614315,Node(147)
18,254,16,5,8,1,5,0,1,8,-1256704690250874484,Node(122)
18,254,14,5,5,1,5,0,1,5,-4020687205019827899,Node(75)
18,254,9,3,4,1,3,0,1,4,-5756955422969519174,Node(130)
18,254,16,3,5,1,5,2,1,5,8514236472815351599,Node(105)
18,254,15,4,5,1,4,0,1,5,7825213924110762866,Node(51)
18,254,16,3,4,1,4,1,1,4,1960295546643871608,Node(232)
18,254,13,4,6,1,5,1,1,6,4298230545965044496,Node(152)
18,254,12,4,5,1,4,0,1,5,-2322464227293272814,Node(12)
18,254,19,3,7,1,4,1,1,7,7038110490314050004,Node(214)
18,254,14,3,4,1,3,0,1,4,6752627213191526725,Node(106)
18,254,17,4,6,1,4,0,1,6,-9034329129857282084,Node(243)
18,254,15,4,5,1,4,0,1,5,-2146257543446732349,Node(159)
18,254,24,5,7,1,5,0,1,7,984548817738917373,Node(87)
18,254,8,4,4,1,4,0,1,4,4447696893526383805,Node(228)
18,254,15,4,7,1,4,0,1,7,5226408833783710756,Node(44)
18,254,6,3,3,1,3,0,1,3,-2447845650622326376,Node(131)
18,254,23,5,7,1,6,1,1,7,7562577006249381512,Node(160)
18,254,14,4,5,1,4,0,1,5,987615610837215554,Node(59)
18,254,14,3,6,1,3,0,1,6,-836493358921980068,Node(65)
18,254,14,3,6,1,3,0,1,6,7189855254683853700,Node(240)
18,254,16,4,6,1,5,1,1,6,-4200074736608790696,Node(71)
18,254,13,3,4,1,3,0,1,4,-5812816623836784191,Node(247)
18,254,11,4,5,1,4,0,1,5,2114683995859080376,Node(165)
18,254,15,4,5,1,4,0,1,5,2346511727894935520,Node(17)
18,254,23,3,4,1,3,0,1,4,2230350834400330464,Node(98)
18,254,16,5,7,1,5,0,1,7,-828811504752470627,Node(98)
18,254,25,3,6,1,4,1,1,6,320657734027591029,Node(159)
18,254,17,3,6,1,3,0,1,6,-1175607141589285710,Node(247)
18,254,17,2,4,1,2,0,1,4,-354171883626277692,Node(99)
18,254,17,3,4,1,3,0,1,4,-198228803428543830,Node(150)
18,254,19,5,5,1,5,0,1,5,-5022525704213483357,Node(120)
18,254,22,5,7,1,5,0,1,7,3462930905993792188,Node(123)
18,254,15,4,7,1,5,1,1,7,6633355046332989700,Node(208)
18,254,18,4,5,1,4,0,1,5,8646703292567527010,Node(113)
18,254,14,2,7,1,3,1,1,7,-3856675663088521504,Node(169)
18,254,6,3,3,1,3,0,1,3,5238773508198659750,Node(216)
18,254,23,4,8,1,5,1,1,8,-5979151866030001638,Node(113)
18,254,21,3,6,1,4,1,1,6,4779768102892309711,Node(19)
18,254,22,2,6,1,4,2,1,6,-1681079933697502874,Node(211)
18,254,8,2,2,1,2,0,1,2,-773241472738613845,Node(173)
18,254,16,4,4,1,4,0,1,4,4925681344681375022,Node(257)
18,254,23,4,5,1,4,0,1,5,-703835342681626197,Node(7)
18,254,20,3,3,1,3,0,1,3,6090998170783588432,Node(44)
18,254,15,4,6,1,4,0,1,6,-5157568757292482634,Node(94)
18,254,11,3,5,1,3,0,1,5,7987851552512908826,Node(49)
18,254,18,5,6,1,5,0,1,6,-1757046368783652449,Node(138)
18,254,9,2,3,1,2,0,1,3,-9194549761984288307,Node(127)
18,254,16,2,6,1,4,2,1,6,16779220067479979,Node(182)
18,254,15,4,6,1,5,1,1,6,-2677382107168541456,Node(139)
18,254,18,2,4,1,2,0,1,4,-1104932623665964118,Node(212)
18,254,13,4,4,1,4,0,1,4,4563883333873218939,Node(43)
18,254,22,2,4,1,5,3,1,4,-7035293375855170835,Node(36)
18,254,16,3,5,1,5,2,1,5,-9003589236397946420,Node(177)
18,254,19,5,7,1,5,0,1,7,-2422898272015011901,Node(41)
18,254,17,4,6,1,5,1,1,6,8374111782210802868,Node(106)
18,254,23,5,6,1,5,0,1,6,7599751058741314682,Node(144)
18,254,19,4,6,1,4,0,1,6,5383435240635935312,Node(182)
18,254,9,3,6,1,4,1,1,6,633442556263785616,Node(143)
18,254,16,3,7,1,4,1,1,7,3157699175008068910,Node(128)
19,268,13,4,7,1,4,0,1,7,766751056886745502,Node(224)
19,268,22,6,7,1,6,0,1,7,1093046434851627556,Node(85)
19,268,9,2,6,1,3,1,1,6,8451259509523804107,Node(236)
19,268,25,2,6,1,3,1,1,6,-206247408652726130,Node(9)
19,268,23,4,6,1,4,0,1,6,7077152818251534705,Node(138)
19,268,15,4,5,1,4,0,1,5,-7571645979267911838,Node(129)
19,268,17,4,5,1,4,0,1,5,3854373709476458006,Node(248)
19,268,19,5,6,1,5,0,1,6,8746304997199613968,Node(146)
19,268,21,3,4,1,4,1,1,4,1154891502382343617,Node(33)
19,268,18,5,8,1,5,0,1,8,-7871227770596614893,Node(154)
19,268,17,4,6,1,4,0,1,6,-1011739914240020239,Node(168)
19,268,22,4,4,1,4,0,1,4,4383631188240726473,Node(25)
19,268,16,4,7,1,5,1,1,7,-7373863649294591070,Node(37)
19,268,13,4,6,1,4,0,1,6,-6476465764105595954,Node(29)
19,268,19,2,5,1,2,0,1,5,-2336400988586743250,Node(44)
19,268,15,3,3,1,3,0,1,3,-6679762860514873090,Node(91)
19,268,13,2,3,1,2,0,1,3,-1837568230213551315,Node(40)
19,268,21,2,5,1,3,1,1,5,7658021431447024940,Node(95)
19,268,17,4,4,1,4,0,1,4,377574129772073980,Node(216)
19,268,12,3,5,1,3,0,1,5,-4642111148065619358,Node(248)
19,268,17,4,6,1,5,1,1,6,-6200804535672530159,Node(20)
19,268,24,3,4,1,3,0,1,4,-4587917118661307177,Node(179)
19,268,24,4,6,1,4,0,1,6,-7784961937967692965,Node(166)
19,268,10,2,5,1,2,0,1,5,7572333148145223208,Node(164)
19,268,17,4,7,1,4,0,1,7,5159132107142600744,Node(136)
19,268,9,1,3,1,2,1,1,3,1476183799305281802,Node(253)
19,268,18,5,5,1,5,0,1,5,8537932907972836055,Node(194)
19,268,19,3,7,1,4,1,1,7,-8134277007846350351,Node(177)
19,268,12,7,7,1,7,0,1,7,6479758344480110068,Node(206)
19,268,27,4,6,1,4,0,1,6,-8031509555901006478,Node(227)
19,268,10,3,4,1,3,0,1,4,4954401556576608727,Node(181)
19,268,20,4,5,1,4,0,1,5,-7963119534047626032,Node(156)
19,268,21,5,8,1,6,1,1,8,5413026868775196090,Node(144)
19,268,13,4,5,1,4,0,1,5,-6725996948633372031,Node(140)
19,268,16,4,7,1,4,0,1,7,3976617256273645889,Node(63)
19,268,18,4,5,1,4,0,1,5,-8124512370868467874,Node(167)
19,268,18,6,8,1,6,0,1,8,1253948684596918317,Node(109)
19,268,21,2,6,1,3,1,1,6,-4655300007710914405,Node(101)
19,268,10,3,3,1,3,0,1,3,-2125998829094296018,Node(156)
19,268,13,2,4,1,2,0,1,4,9155685732954058357,Node(172)
19,268,18,4,5,1,4,0,1,5,6029698365797740578,Node(54)
19,268,28,5,5,1,5,0,1,5,-5054105041097491210,Node(136)
19,268,16,6,9,1,6,0,1,9,4970892559333820663,Node(206)
19,268,16,3,7,1,4,1,1,7,-7049938557578184479,Node(114)
19,268,19,5,7,1,5,0,1,7,-8244748961563028200,Node(221)
19,268,9,2,4,1,2,0,1,4,-6435779771241021282,Node(187)
19,268,29,5,6,1,5,0,1,6,-7937592074645225444,Node(70)
19,268,18,4,6,1,4,0,1,6,-4512070255613338689,Node(116)
19,268,16,3,5,1,3,0,1,5,4665499228889958360,Node(159)
19,268,24,2,7,1,4,2,1,7,-5632957077113363189,Node(250)
19,268,16,3,7,1,4,1,1,7,-4933532548718162222,Node(103)
19,268,10,5,7,1,5,0,1,7,8700431093677545860,Node(158)
19,268,19,4,7,1,4,0,1,7,-4322039796527305005,Node(158)
19,268,14,3,5,1,3,0,1,5,6601483921546520493,Node(267)
19,268,14,3,6,1,3,0,1,6,268603930639066302,Node(238)
19,268,21,4,6,1,5,1,1,6,-7193591911816048195,Node(94)
19,268,13,6,8,1,6,0,1,8,-864948891760310989,Node(74)
19,268,13,5,7,1,5,0,1,7,-9193279604108839746,Node(111)
19,268,14,6,8,1,6,0,1,8,-5083512943799456331,Node(133)
19,268,12,3,5,1,3,0,1,5,5719046850201563973,Node(256)
19,268,15,5,6,1,5,0,1,6,5373961009264819549,Node(128)
19,268,28,4,6,1,4,0,1,6,-3725727692010355987,Node(154)
19,268,20,4,5,1,4,0,1,5,8721835870678152958,Node(136)
19,268,22,4,8,1,4,0,1,8,8239362702289708311,Node(70)
19,268,16,4,4,1,4,0,1,4,5197648628858028734,Node(35)
19,268,14,4,6,1,5,1,1,6,-1910181924723058186,Node(181)
19,268,22,3,5,1,4,1,1,5,-6033050721996274901,Node(195)
19,268,13,4,5,1,4,0,1,5,209179649592450543,Node(207)
19,268,15,4,6,1,4,0,1,6,-4091338082026459142,Node(20)
19,268,19,5,8,1,5,0,1,8,-4558137300391804113,Node(66)
19,268,18,5,5,1,5,0,1,5,3037857956631213899,Node(194)
19,268,16,3,5,1,3,0,1,5,8424142939371330836,Node(196)
19,268,17,4,6,1,5,1,1,6,-3136602628147438638,Node(110)
19,268,19,5,6,1,5,0,1,6,-8588222917336352596,Node(129)
19,268,12,3,3,1,3,0,1,3,6250212857276573924,Node(47)
19,268,24,4,5,1,4,0,1,5,-3340994325174920527,Node(2)
19,268,8,4,5,1,4,0,1,5,856721522213577359,Node(82)
19,268,19,3,5,1,4,1,1,5,7900875552106210137,Node(226)
19,268,4,2,3,1,2,0,1,3,-7613459694415881789,Node(12)
19,268,21,3,6,1,4,1,1,6,-4618217988496168228,Node(251)
19,268,20,3,7,1,4,1,1,7,7566697101139833244,Node(138)
19,268,12,3,3,1,3,0,1,3,3933943386040611400,Node(238)
19,268,11,5,5,1,5,0,1,5,-4171107003670919336,Node(53)
19,268,18,5,7,1,5,0,1,7,8302378156819794128,Node(92)
19,268,9,2,3,1,2,0,1,3,8930524301581053612,Node(241)
19,268,16,5,7,1,5,0,1,7,1823641049968485600,Node(216)
19,268,15,4,4,1,4,0,1,4,863802061038484973,Node(265)
19,268,17,3,5,1,3,0,1,5,-5513834559023917190,Node(232)
19,268,16,5,8,1,5,0,1,8,-631462173653005744,Node(149)
19,268,15,4,5,1,4,0,1,5,-6782974617350943582,Node(26)
19,268,21,5,6,1,5,0,1,6,8981059245945099506,Node(257)
19,268,21,4,5,1,4,0,1,5,-4261976983915238693,Node(42)
19,268,9,4,6,1,4,0,1,6,3349305009037723500,Node(127)
19,268,13,2,4,1,2,0,1,4,5955755628002343664,Node(218)
19,268,24,5,8,1,6,1,1,8,4744832177258179545,Node(138)
19,268,19,5,7,1,5,0,1,7,-6404657947099849191,Node(270)
19,268,17,3,5,1,3,0,1,5,3821848078870580065,Node(175)
19,268,19,3,8,1,4,1,1,8,-3558895467185172247,Node(122)
19,268,19,5,7,1,5,0,1,7,-1432715303099813427,Node(257)
19,268,17,4,5,1,4,0,1,5,-2426682050289998239,Node(78)
19,268,13,3,4,1,3,0,1,4,5560410479106952084,Node(268)
19,268,20,4,4,1,4,0,1,4,-2926627495608627634,Node(117)
19,268,18,3,4,1,3,0,1,4,-972284118485968558,Node(111)
19,268,16,3,8,1,4,1,1,8,-2436325316750227062,Node(241)
19,268,14,3,5,1,3,0,1,5,2973144739339676690,Node(29)
19,268,11,5,6,1,5,0,1,6,-5466270017619587296,Node(172)
19,268,16,2,5,1,2,0,1,5,127147122331283912,Node(185)
19,268,19,4,7,1,4,0,1,7,-5450311121634825451,Node(194)
19,268,18,5,7,1,6,1,1,7,3547714178198198065,Node(195)
19,268,12,3,5,1,3,0,1,5,-8214229994355197150,Node(96)
19,268,11,3,3,1,3,0,1,3,4326608832594496820,Node(155)
19,268,19,4,4,1,4,0,1,4,7248043501776318225,Node(85)
19,268,19,4,5,1,4,0,1,5,5203612101877314194,Node(159)
19,268,19,4,4,1,4,0,1,4,5882761074683903181,Node(38)
19,268,19,5,7,1,5,0,1,7,1948158745145390851,Node(178)
19,268,9,2,4,1,2,0,1,4,7579455565851254281,Node(228)
19,268,27,3,4,1,4,1,1,4,7473720405495473217,Node(115)
19,268,16,4,5,1,5,1,1,5,-1979218851779931793,Node(209)
19,268,9,2,5,1,3,1,1,5,-2806951473827611779,Node(24)
19,268,23,4,5,1,4,0,1,5,8631660961257357450,Node(126)
19,268,13,4,5,1,4,0,1,5,-5411409555077838648,Node(116)
19,268,10,4,5,1,4,0,1,5,8760796393039059405,Node(172)
19,268,12,4,7,1,4,0,1,7,-4233033919344142004,Node(231)
19,268,17,5,7,1,5,0,1,7,-3251932991421725385,Node(93)
19,268,19,4,4,1,4,0,1,4,-6483806542752777,Node(39)
19,268,8,5,6,1,5,0,1,6,-7740547985790210336,Node(79)
19,268,13,3,5,1,3,0,1,5,-1255529661036709926,Node(146)
19,268,13,5,7,1,5,0,1,7,-4480126131758334429,Node(240)
19,268,11,3,4,1,3,0,1,4,-1514838064900296465,Node(250)
19,268,19,4,8,1,6,2,1,8,-615765335849270755,Node(204)
19,268,13,4,5,1,5,1,1,5,7771752762932409648,Node(125)
19,268,19,3,6,1,4,1,1,6,-2466856567800879923,Node(197)
19,268,15,3,4,1,3,0,1,4,-8508536701923189980,Node(165)
19,268,17,3,4,1,3,0,1,4,7312650507750505469,Node(64)
19,268,21,3,6,1,4,1,1,6,-2592376868777814259,Node(111)
19,268,12,4,6,1,4,0,1,6,-4705828110688153556,Node(230)
19,268,11,3,6,1,4,1,1,6,-811862344946756481,Node(116)
19,268,15,4,5,1,4,0,1,5,1719340535251852973,Node(105)
19,268,13,3,6,1,4,1,1,6,8007010127469400185,Node(130)
19,268,20,4,4,1,4,0,1,4,-5787649087269589086,Node(189)
19,268,23,5,7,1,5,0,1,7,5350168054993955602,Node(142)
19,268,16,5,5,1,5,0,1,5,1342865196697610682,Node(231)
19,268,16,5,7,1,5,0,1,7,-9217166597685663500,Node(192)
19,268,24,4,5,1,4,0,1,5,1980310786572598288,Node(203)
19,268,21,4,5,1,4,0,1,5,2127880605697962828,Node(107)
19,268,12,4,4,1,4,0,1,4,-5674944687861347527,Node(237)
19,268,14,4,4,1,4,0,1,4,-8021803183861971441,Node(103)
19,268,19,4,7,1,4,0,1,7,-7565477173324647534,Node(20)
19,268,16,3,5,1,4,1,1,5,5102902149833973534,Node(32)
19,268,14,4,4,1,4,0,1,4,-3487666439178198300,Node(96)
19,268,20,5,6,1,5,0,1,6,5841819301733331177,Node(50)
19,268,18,5,5,1,5,0,1,5,-6132067772080567244,Node(139)
19,268,17,4,6,1,4,0,1,6,-4573645232391459004,Node(160)
19,268,16,5,6,1,5,0,1,6,-681239756056039708,Node(191)
19,268,17,5,6,1,5,0,1,6,3483797117841374175,Node(217)
19,268,14,4,7,1,4,0,1,7,-3332696865084230410,Node(59)
19,268,14,3,4,1,3,0,1,4,-5009110870348023712,Node(46)
19,268,25,3,5,1,4,1,1,5,-8917409010326301646,Node(53)
19,268,16,4,4,1,4,0,1,4,7872307828114284865,Node(112)
19,268,13,4,5,1,4,0,1,5,6093381717335502499,Node(27)
19,268,23,3,8,1,4,1,1,8,-4741311583985995368,Node(225)
19,268,18,4,8,1,5,1,1,8,-8404764001040475361,Node(157)
19,268,15,4,6,1,4,0,1,6,-1360845366013967683,Node(144)
19,268,22,4,5,1,4,0,1,5,-5128570730936890546,Node(26)
19,268,14,5,7,1,5,0,1,7,5944580612803981190,Node(258)
19,268,20,6,8,1,6,0,1,8,6593254780576396587,Node(90)
19,268,14,3,7,1,3,0,1,7,7101018343880369889,Node(146)
19,268,20,4,5,1,4,0,1,5,4658020105288857185,Node(16)
19,268,14,4,4,1,4,0,1,4,-5585820933329127799,Node(252)
19,268,21,3,6,1,4,1,1,6,1188423779486723867,Node(165)
19,268,13,3,4,1,3,0,1,4,-4678984836933336306,Node(224)
19,268,20,3,8,1,5,2,1,8,-3545287435631128517,Node(190)
19,268,7,3,5,1,3,0,1,5,-449949893672359271,Node(228)
19,268,16,5,6,1,5,0,1,6,442802456632996944,Node(212)
19,268,17,5,9,1,6,1,1,9,-3977382769724193467,Node(122)
19,268,21,4,7,1,5,1,1,7,1399062805776149532,Node(144)
19,268,15,5,5,1,5,0,1,5,-4136639154942202763,Node(145)
19,268,20,4,8,1,5,1,1,8,-4494624160687903139,Node(247)
19,268,20,4,7,1,4,0,1,7,-2621212081562793908,Node(29)
19,268,13,5,6,1,5,0,1,6,-2346424515782702015,Node(15)
19,268,20,5,5,1,5,0,1,5,4663253291302741360,Node(238)
19,268,19,3,6,1,4,1,1,6,6117155927029629159,Node(124)
19,268,20,6,8,1,6,0,1,8,8790808896073858216,Node(154)
19,268,19,6,8,1,6,0,1,8,-3656316885927699994,Node(127)
19,268,18,3,7,1,4,1,1,7,727132708258475020,Node(112)
19,268,13,2,5,1,3,1,1,5,-6592750794596961611,Node(259)
19,268,26,4,7,1,5,1,1,7,4325892710280303473,Node(212)
19,268,22,4,6,1,5,1,1,6,1960996373943081900,Node(157)
19,268,24,4,5,1,4,0,1,5,-5569002598613205072,Node(111)
19,268,20,4,7,1,4,0,1,7,4320203145620991190,Node(212)
19,268,22,4,7,1,5,1,1,7,-6114543878086836679,Node(146)
19,268,15,3,6,1,3,0,1,6,-3637600857712691802,Node(35)
19,268,13,4,5,1,4,0,1,5,-1672948979860195692,Node(159)
19,268,17,3,6,1,4,1,1,6,3708448411933616187,Node(119)
19,268,20,4,6,1,4,0,1,6,-8310674525063233369,Node(152)
19,268,18,4,5,1,4,0,1,5,6071194930138711892,Node(91)
19,268,19,3,6,1,4,1,1,6,2847054756034659675,Node(88)
19,268,8,2,3,1,2,0,1,3,2885785392504359585,Node(247)
19,268,19,4,6,1,5,1,1,6,397421765838335886,Node(172)
19,268,22,5,6,1,5,0,1,6,-7254845072354471188,Node(260)
19,268,20,4,5,1,4,0,1,5,-3631828800178336042,Node(11)
19,268,25,4,5,1,4,0,1,5,-2519767602454213424,Node(239)
19,268,14,3,5,1,4,1,1,5,2467253106053029599,Node(149)
19,268,16,4,5,1,4,0,1,5,-1293814549304410757,Node(5)
19,268,14,5,5,1,5,0,1,5,8212953424958960944,Node(111)
19,268,21,2,5,1,2,0,1,5,-601640407326260259,Node(39)
19,268,18,4,6,1,4,0,1,6,4234724326546105293,Node(232)
19,268,24,3,5,1,4,1,1,5,-932007272784440193,Node(233)
19,268,9,4,5,1,4,0,1,5,-7081105171493496204,Node(170)
19,268,22,6,9,1,6,0,1,9,-5418242920273832549,Node(187)
19,268,16,4,5,1,4,0,1,5,-529208890039857150,Node(23)
19,268,16,2,5,1,2,0,1,5,-7060581785279300296,Node(217)
19,268,11,2,5,1,2,0,1,5,2575995392363379183,Node(171)
19,268,22,4,5,1,4,0,1,5,-6951230921039176914,Node(249)
19,268,19,4,4,1,4,0,1,4,2887428970541567855,Node(28)
19,268,20,5,10,1,7,2,1,10,-139444008771685348,Node(147)
19,268,30,3,5,1,3,0,1,5,8840858127187830465,Node(257)
19,268,16,7,7,1,7,0,1,7,-5215501808415262908,Node(267)
19,268,6,3,4,1,3,0,1,4,8295903656777213619,Node(206)
19,268,27,4,6,1,5,1,1,6,6911438328212064869,Node(84)
19,268,18,4,6,1,4,0,1,6,-381827646432824466,Node(181)
19,268,24,4,6,1,4,0,1,6,-214576036264564564,Node(62)
19,268,5,4,4,1,4,0,1,4,118839294589055801,Node(204)
19,268,19,4,7,1,5,1,1,7,-8196736970295415809,Node(21)
19,268,21,5,6,1,5,0,1,6,-5799393370026886074,Node(204)
19,268,20,6,6,1,6,0,1,6,4782139867434600494,Node(187)
19,268,16,4,6,1,4,0,1,6,3907774540477884994,Node(219)
19,268,22,4,7,1,4,0,1,7,-1442472827858408345,Node(118)
19,268,22,4,6,1,4,0,1,6,4393458323693278042,Node(138)
19,268,10,4,6,1,4,0,1,6,-4591184714253235716,Node(266)
19,268,18,7,8,1,7,0,1,8,-3809996549811064247,Node(15)
19,268,16,4,7,1,6,2,1,7,-5668477260460302365,Node(267)
19,268,21,6,6,1,6,0,1,6,1671388719024642870,Node(175)
19,268,19,3,6,1,4,1,1,6,2269311103714237014,Node(208)
19,268,18,4,6,1,4,0,1,6,-114455676178104119,Node(242)
19,268,16,4,5,1,4,0,1,5,-7525020031149289560,Node(20)
19,268,10,4,4,1,4,0,1,4,-832126417277655811,Node(224)
19,268,21,3,5,1,3,0,1,5,8083631901699939823,Node(245)
19,268,12,5,6,1,5,0,1,6,-7959983249793231377,Node(57)
19,268,12,4,6,1,4,0,1,6,837088281422939231,Node(149)
19,268,13,4,5,1,4,0,1,5,8573478506530498049,Node(127)
19,268,17,3,3,1,3,0,1,3,-4135235589144291888,Node(88)
19,268,14,6,9,1,8,2,1,9,-7675911225561427435,Node(66)
19,268,26,4,5,1,4,0,1,5,3790791832634191508,Node(105)
19,268,18,2,5,1,3,1,1,5,8121578476015787514,Node(99)
19,268,12,3,5,1,3,0,1,5,-487238248001724127,Node(31)
19,268,20,5,7,1,5,0,1,7,-5781836887894472694,Node(144)
19,268,17,3,5,1,3,0,1,5,-7257695665158787201,Node(208)
19,268,13,3,5,1,4,1,1,5,-6725892466040560085,Node(16)
19,268,24,3,4,1,3,0,1,4,-169853450650152814,Node(125)
19,268,25,5,6,1,5,0,1,6,-6510105626099608997,Node(216)
19,268,21,3,6,1,4,1,1,6,5754741236458198743,Node(151)
19,268,23,3,7,1,5,2,1,7,3144283162333651236,Node(87)
19,268,20,3,5,1,3,0,1,5,6237539696133032938,Node(136)
19,268,8,2,3,1,2,0,1,3,9106495584856211428,Node(215)
19,268,16,4,5,1,4,0,1,5,488125051467661864,Node(25)
19,268,19,4,6,1,4,0,1,6,9105707754319774669,Node(121)
19,268,18,3,6,1,4,1,1,6,-6605293505717048415,Node(108)
19,268,21,4,6,1,4,0,1,6,-4688727695481956555,Node(80)
19,268,16,2,4,1,2,0,1,4,188705302674287532,Node(137)
19,268,10,3,3,1,3,0,1,3,-4297603246668927851,Node(229)
19,268,15,5,5,1,5,0,1,5,-3460418101506329672,Node(187)
19,268,9,3,4,1,3,0,1,4,1591842219365971038,Node(90)
19,268,20,3,6,1,4,1,1,6,748985866681673203,Node(242)
19,268,15,5,8,1,5,0,1,8,4620633552800679543,Node(76)
19,268,13,3,5,1,3,0,1,5,-8620224444452259405,Node(267)
19,268,16,3,6,1,3,0,1,6,-8405423568120573244,Node(259)
19,268,10,3,4,1,3,0,1,4,-6012194187043319119,Node(168)
19,268,14,3,6,1,4,1,1,6,-412628993024981335,Node(103)
19,268,25,4,5,1,4,0,1,5,-7938161216635483364,Node(242)
19,268,15,3,7,1,4,1,1,7,8598107724871097760,Node(221)
19,268,25,3,4,1,3,0,1,4,2126267880122270548,Node(219)
19,268,21,3,5,1,3,0,1,5,3801146497320540165,Node(57)
19,268,16,5,7,1,5,0,1,7,-8656351638212973499,Node(260)
19,268,4,2,3,1,2,0,1,3,-1732130777197834547,Node(63)
19,268,20,3,5,1,4,1,1,5,1434391831057630940,Node(244)
19,268,19,3,4,1,3,0,1,4,-44816384378434441,Node(13)
19,268,20,5,5,1,5,0,1,5,4467333939483266200,Node(74)
19,268,18,4,4,1,4,0,1,4,-3101458831451510021,Node(25)
19,268,23,4,7,1,4,0,1,7,8243871528232304652,Node(245)
19,268,22,4,5,1,4,0,1,5,7678249822700084142,Node(29)
19,268,12,4,6,1,4,0,1,6,-7113584788912748602,Node(213)
19,268,17,3,4,1,3,0,1,4,-3452354161273682942,Node(156)
19,268,21,3,3,1,3,0,1,3,-942288364974758823,Node(94)
19,268,16,4,6,1,4,0,1,6,6130325653180981222,Node(219)
19,268,21,5,7,1,5,0,1,7,-243854809923518901,Node(129)
19,268,19,5,7,1,5,0,1,7,-101358555266252716,Node(57)
19,268,16,3,6,1,4,1,1,6,-8428751173092376234,Node(56)
19,268,22,6,10,1,7,1,1,10,1605605164402920482,Node(113)
19,268,21,4,4,1,4,0,1,4,-1833387274108929729,Node(67)
19,268,20,5,6,1,5,0,1,6,-2249207682570105984,Node(73)
19,268,15,3,4,1,3,0,1,4,213451310936673134,Node(153)
19,268,12,4,8,1,5,1,1,8,4088351978166957686,Node(230)
19,268,21,4,6,1,4,0,1,6,5947895132389225392,Node(15)
19,268,20,5,5,1,5,0,1,5,719144884654682043,Node(85)
19,268,17,4,5,1,4,0,1,5,-8376354103581851005,Node(161)
19,268,19,3,7,1,4,1,1,7,6450875090520154650,Node(94)
19,268,18,3,5,1,3,0,1,5,5240023849055271345,Node(33)
19,268,21,3,5,1,3,0,1,5,1839913101235745438,Node(35)
19,268,13,3,5,1,3,0,1,5,7871617828094669939,Node(206)
19,268,20,3,5,1,3,0,1,5,-7762594975845954131,Node(110)
19,268,13,3,5,1,3,0,1,5,673484103423683897,Node(259)
19,268,23,3,6,1,5,2,1,6,7722646855256138673,Node(95)
19,268,20,5,6,1,5,0,1,6,8474934981966340660,Node(247)
19,268,17,3,4,1,4,1,1,4,-1271582938904061700,Node(156)
19,268,13,3,4,1,3,0,1,4,-3197811747889487544,Node(174)
19,268,22,4,5,1,4,0,1,5,2143819412917381420,Node(225)
19,268,23,4,4,1,4,0,1,4,-390175145901931907,Node(252)
19,268,15,6,7,1,6,0,1,7,-4374282871477507939,Node(252)
19,268,8,3,6,1,3,0,1,6,-3961405606096789526,Node(24)
19,268,23,3,4,1,3,0,1,4,8732883814322447785,Node(184)
19,268,18,4,5,1,4,0,1,5,3555312106464022104,Node(143)
19,268,17,5,8,1,5,0,1,8,7109643520893512978,Node(267)
19,268,18,2,5,1,4,2,1,5,211293141910614080,Node(268)
19,268,15,3,6,1,4,1,1,6,-4154903393430308955,Node(206)
19,268,8,4,5,1,4,0,1,5,7567979210749323141,Node(259)
19,268,20,3,5,1,4,1,1,5,-152391625117558527,Node(112)
19,268,9,3,5,1,3,0,1,5,4411574415278890459,Node(127)
19,268,15,5,5,1,5,0,1,5,7133033437290307068,Node(58)
19,268,17,3,4,1,3,0,1,4,1289921609393266557,Node(33)
19,268,22,4,7,1,4,0,1,7,-6925570152212194268,Node(244)
19,268,22,4,6,1,5,1,1,6,-5670949814529039945,Node(67)
19,268,21,5,6,1,5,0,1,6,7189592246183590964,Node(242)
19,268,17,5,7,1,5,0,1,7,8975712937194134509,Node(14)
19,268,13,2,4,1,2,0,1,4,-3629995209222236917,Node(34)
19,268,25,4,7,1,4,0,1,7,1385255230778699295,Node(73)
19,268,12,3,4,1,3,0,1,4,8792057698562618525,Node(57)
19,268,10,4,4,1,4,0,1,4,-378389144481398800,Node(32)
19,268,16,6,6,1,6,0,1,6,5822139154717021940,Node(202)
19,268,17,3,5,1,4,1,1,5,-3243086466541644646,Node(243)
19,268,24,3,5,1,3,0,1,5,-3881739432137533550,Node(95)
19,268,15,5,6,1,5,0,1,6,-9071940549719659458,Node(99)
19,268,13,4,6,1,5,1,1,6,-3715695023690272232,Node(117)
19,268,16,5,6,1,5,0,1,6,-4258022688291917920,Node(53)
19,268,27,4,7,1,4,0,1,7,-2343202672692624469,Node(76)
19,268,19,4,5,1,4,0,1,5,3501786796611963687,Node(24)
19,268,15,4,6,1,4,0,1,6,4451566530327427534,Node(62)
19,268,18,3,6,1,4,1,1,6,-8190174029916553410,Node(232)
19,268,16,3,5,1,4,1,1,5,65396580154648385,Node(197)
19,268,18,3,6,1,4,1,1,6,-6158165619086124914,Node(235)
19,268,15,2,4,1,2,0,1,4,-576158612514644085,Node(89)
19,268,14,5,5,1,5,0,1,5,1339563082539881969,Node(99)
19,268,14,5,6,1,5,0,1,6,2941990663667888190,Node(149)
19,268,11,4,5,1,4,0,1,5,900444045856661911,Node(114)
19,268,19,3,4,1,3,0,1,4,-1587778900508267704,Node(50)
19,268,20,4,7,1,5,1,1,7,-6974545368020884452,Node(232)
19,268,15,4,4,1,4,0,1,4,1309403691225311233,Node(32)
19,268,20,4,7,1,4,0,1,7,7362871507494479015,Node(253)
19,268,6,2,3,1,2,0,1,3,3445231922487708193,Node(35)
19,268,13,3,4,1,3,0,1,4,2207526726507498914,Node(27)
19,268,19,2,7,1,4,2,1,7,-5225401714931087543,Node(132)
19,268,18,5,6,1,5,0,1,6,4044080504608739974,Node(35)
19,268,18,4,6,1,4,0,1,6,813637514752049750,Node(222)
19,268,24,4,7,1,5,1,1,7,1117520425491104421,Node(107)
19,268,15,3,9,1,3,0,1,9,-5038429747162219168,Node(13)
19,268,18,4,7,1,5,1,1,7,-2789590512715351980,Node(247)
19,268,15,4,7,1,6,2,1,7,-2698718359124522748,Node(98)
19,268,23,5,6,1,5,0,1,6,5858507634336991570,Node(172)
19,268,27,7,9,1,7,0,1,9,3609391559394777188,Node(261)
19,268,14,3,5,1,3,0,1,5,-2367253735804491065,Node(199)
19,268,16,3,6,1,3,0,1,6,103793625197195971,Node(217)
19,268,23,5,8,1,5,0,1,8,3550349630569742628,Node(264)
19,268,22,5,7,1,5,0,1,7,4483914784161195514,Node(245)
19,268,17,3,6,1,4,1,1,6,7595281326129254542,Node(13)
19,268,16,5,7,1,5,0,1,7,6928328192146976975,Node(175)
19,268,15,4,6,1,4,0,1,6,6361938956982757073,Node(34)
19,268,30,4,5,1,4,0,1,5,742174773410954845,Node(126)
19,268,20,3,4,1,3,0,1,4,-4801098544838329539,Node(37)
19,268,13,3,5,1,3,0,1,5,205978777187625873,Node(89)
19,268,22,4,6,1,4,0,1,6,-7678353104085070996,Node(129)
19,268,17,5,6,1,5,0,1,6,6707916507356135606,Node(145)
19,268,17,5,5,1,5,0,1,5,-5214327744925526948,Node(27)
19,268,16,6,7,1,6,0,1,7,2777489477038048290,Node(167)
19,268,22,4,6,1,4,0,1,6,7946356460758171463,Node(99)
19,268,12,3,5,1,3,0,1,5,1701678380397340647,Node(192)
19,268,20,4,5,1,4,0,1,5,4640510964901743264,Node(119)
19,268,17,4,6,1,4,0,1,6,5228482577667431605,Node(16)
19,268,13,3,5,1,3,0,1,5,6767587263066411340,Node(70)
19,268,7,4,4,1,4,0,1,4,4132373882560876862,Node(112)
19,268,9,3,5,1,3,0,1,5,8736080515176766065,Node(32)
19,268,17,9,10,1,9,0,1,10,-4155369996253399338,Node(207)
19,268,22,3,3,1,3,0,1,3,-1317153928808795472,Node(234)
19,268,21,6,10,1,7,1,1,10,3770944909345684177,Node(131)
19,268,23,5,9,1,6,1,1,9,362879029454366099,Node(77)
19,268,12,4,6,1,4,0,1,6,994213588972378022,Node(69)
19,268,17,3,5,1,3,0,1,5,-7050071755186340091,Node(98)
19,268,17,5,8,1,5,0,1,8,4003968764365694449,Node(128)
19,268,18,3,6,1,3,0,1,6,-3795034994763080982,Node(146)
19,268,27,4,9,1,4,0,1,9,-7363918838119873851,Node(184)
19,268,10,1,4,1,2,1,1,4,77639766594143370,Node(202)
19,268,5,3,3,1,3,0,1,3,-6376475167684157975,Node(49)
19,268,18,4,6,1,5,1,1,6,6325548695830724550,Node(63)
19,268,17,2,5,1,2,0,1,5,-2096262467112471378,Node(139)
19,268,30,4,4,1,4,0,1,4,6958448733387828811,Node(213)
19,268,17,4,5,1,4,0,1,5,369708400263684448,Node(169)
19,268,18,5,7,1,6,1,1,7,7128016736180760960,Node(179)
19,268,13,2,5,1,2,0,1,5,4719130184165071343,Node(217)
19,268,23,6,7,1,6,0,1,7,-8435607735048142778,Node(216)
19,268,17,4,6,1,4,0,1,6,2150719737036148371,Node(51)
19,268,19,3,7,1,3,0,1,7,9136418797502880533,Node(163)
19,268,11,2,2,1,2,0,1,2,8137343989147373004,Node(150)
19,268,13,2,4,1,3,1,1,4,498488232490336363,Node(111)
19,268,18,3,8,1,5,2,1,8,-5358436885579751680,Node(131)
19,268,13,3,6,1,4,1,1,6,-1389130180922189025,Node(4)
19,268,19,2,6,1,3,1,1,6,-2901595611283054211,Node(212)
19,268,17,2,4,1,2,0,1,4,-5834226728600166413,Node(195)
19,268,12,4,7,1,4,0,1,7,8407799636138684447,Node(85)
19,268,15,3,6,1,3,0,1,6,-4547713212604626133,Node(208)
19,268,24,3,6,1,4,1,1,6,-2475640530279102639,Node(33)
19,268,19,5,6,1,5,0,1,6,8590603246228342712,Node(266)
19,268,22,3,4,1,3,0,1,4,-7731671536710716066,Node(49)
19,268,22,3,6,1,4,1,1,6,-7961551243596746304,Node(146)
19,268,17,2,7,1,3,1,1,7,-135502065144057164,Node(11)
19,268,18,6,6,1,6,0,1,6,8101779831669876019,Node(3)
19,268,17,5,5,1,5,0,1,5,6460048162186248020,Node(228)
19,268,26,4,7,1,6,2,1,7,7950761660444123641,Node(236)
19,268,9,1,4,1,2,1,1,4,7989821893318896000,Node(189)
19,268,28,4,5,1,4,0,1,5,-33571297204560412,Node(60)
19,268,19,7,9,1,7,0,1,9,-4988389377302369290,Node(40)
19,268,15,4,6,1,4,0,1,6,1345697755208894344,Node(63)
19,268,27,3,6,1,4,1,1,6,-5751201813570437859,Node(24)
19,268,21,5,5,1,5,0,1,5,5583815039761977971,Node(54)
19,268,6,3,3,1,3,0,1,3,2188380590652334033,Node(15)
19,268,11,3,5,1,3,0,1,5,-3616574131072621291,Node(234)
19,268,7,1,3,1,1,0,1,3,2245328999157035098,Node(95)
19,268,17,3,5,1,3,0,1,5,-8603672559994520710,Node(255)
19,268,16,4,8,1,5,1,1,8,-3927215473033708820,Node(172)
19,268,25,2,4,1,3,1,1,4,-9161968800971999211,Node(173)
19,268,16,4,7,1,5,1,1,7,4760525495901064380,Node(10)
19,268,22,3,5,1,3,0,1,5,801342466086698910,Node(21)
19,268,15,5,6,1,5,0,1,6,5333379434205169279,Node(113)
19,268,17,3,6,1,3,0,1,6,-6078143528563402743,Node(247)
19,268,16,2,3,1,2,0,1,3,-8687209735144376220,Node(216)
19,268,14,4,5,1,4,0,1,5,-3320372531580954235,Node(177)
19,268,21,4,5,1,4,0,1,5,-5320688102919212555,Node(41)
19,268,22,3,6,1,4,1,1,6,2777262946528044436,Node(259)
19,268,22,2,5,1,3,1,1,5,-6497812365943839745,Node(137)
19,268,19,5,6,1,5,0,1,6,-1954909763298065525,Node(255)
19,268,24,2,4,1,4,2,1,4,518409533297276623,Node(1)
19,268,15,4,6,1,4,0,1,6,-7885530038527135432,Node(217)
19,268,17,4,7,1,4,0,1,7,6990528222460138283,Node(186)
19,268,10,4,4,1,4,0,1,4,5421154573548802166,Node(98)
19,268,14,3,5,1,3,0,1,5,6836130081759838552,Node(25)
19,268,12,3,4,1,3,0,1,4,2285478143853093952,Node(219)
19,268,8,1,3,1,2,1,1,3,-2877901639903517820,Node(153)
19,268,14,3,5,1,3,0,1,5,-2155437559604019353,Node(27)
19,268,15,4,6,1,5,1,1,6,-6187863594445537845,Node(241)
19,268,13,4,6,1,4,0,1,6,-8661908265563801720,Node(224)
19,268,12,3,5,1,3,0,1,5,-365409247959504191,Node(260)
19,268,23,4,6,1,4,0,1,6,-2300795806481721414,Node(240)
19,268,14,4,4,1,4,0,1,4,-5925554833219631400,Node(36)
19,268,21,5,5,1,5,0,1,5,3596358116170185150,Node(247)
19,268,21,4,4,1,4,0,1,4,-1786511003796544648,Node(11)
19,268,24,4,4,1,4,0,1,4,-7766982280262451094,Node(104)
19,268,24,4,7,1,5,1,1,7,-1432373703964568788,Node(121)
19,268,24,5,6,1,5,0,1,6,1424648950769942017,Node(174)
19,268,19,3,5,1,3,0,1,5,3371400321622052764,Node(94)
19,268,19,3,6,1,3,0,1,6,3232987163062626828,Node(74)
19,268,22,4,5,1,4,0,1,5,-1635396927635144751,Node(176)
19,268,9,3,4,1,3,0,1,4,-7492567291141220039,Node(224)
19,268,21,4,4,1,4,0,1,4,1205130744168950698,Node(165)
19,268,16,6,6,1,6,0,1,6,900975019412886600,Node(80)
19,268,7,2,4,1,2,0,1,4,6046585315130257040,Node(215)
19,268,16,4,6,1,4,0,1,6,7473032703328844991,Node(258)
19,268,10,4,5,1,4,0,1,5,-3285889309763555176,Node(59)
19,268,16,4,4,1,4,0,1,4,-2946165311003001479,Node(266)
19,268,16,3,6,1,3,0,1,6,-5878630101534037924,Node(84)
19,268,11,4,4,1,4,0,1,4,7593929829117218402,Node(176)
19,268,18,4,5,1,4,0,1,5,-5589941951356472540,Node(261)
19,268,16,4,7,1,5,1,1,7,-964438793861984512,Node(182)
19,268,11,4,6,1,4,0,1,6,-2099350271934436359,Node(148)
19,268,23,4,5,1,4,0,1,5,-6644999216722108291,Node(116)
19,268,16,3,7,1,3,0,1,7,6742896334916700126,Node(216)
19,268,14,3,5,1,4,1,1,5,-4405799802309126426,Node(199)
19,268,17,4,4,1,4,0,1,4,4403146470482431684,Node(191)
19,268,18,3,6,1,4,1,1,6,1790470881453974380,Node(249)
19,268,16,5,6,1,5,0,1,6,6149481486049755309,Node(181)
19,268,28,4,4,1,4,0,1,4,-1193382771216746223,Node(151)
19,268,15,4,4,1,4,0,1,4,-2493244795576476267,Node(115)
19,268,20,3,4,1,3,0,1,4,-6981414436752913497,Node(94)
19,268,15,4,7,1,4,0,1,7,-6859762676083651566,Node(189)
19,268,13,5,6,1,5,0,1,6,3064666232694898853,Node(16)
19,268,24,4,6,1,4,0,1,6,2162321238076684220,Node(179)
19,268,18,5,5,1,5,0,1,5,-6417200389194528817,Node(71)
19,268,20,2,5,1,4,2,1,5,6497481577167517807,Node(242)
19,268,14,2,4,1,3,1,1,4,7262657525372721684,Node(81)
19,268,19,2,5,1,4,2,1,5,-8891900591601858922,Node(137)
19,268,17,3,5,1,3,0,1,5,831750583378040817,Node(184)
19,268,12,3,3,1,3,0,1,3,4331925556314679919,Node(70)
19,268,14,3,6,1,4,1,1,6,129716847378275043,Node(82)
19,268,16,3,5,1,3,0,1,5,-5716183432016014611,Node(9)
19,268,15,4,5,1,4,0,1,5,-6579792642580016059,Node(147)
19,268,23,4,5,1,4,0,1,5,1537652293942250350,Node(147)
19,268,14,2,5,1,2,0,1,5,-6253778267743568742,Node(19)
19,268,9,5,7,1,5,0,1,7,6234237309655830206,Node(62)
19,268,16,2,4,1,3,1,1,4,-6530054091546627751,Node(16)
19,268,10,2,6,1,3,1,1,6,2014251873430296616,Node(181)
19,268,24,6,7,1,6,0,1,7,-1614742621476696011,Node(32)
19,268,15,5,7,1,6,1,1,7,-3350741473511025340,Node(35)
19,268,13,3,6,1,3,0,1,6,-8368014502343621448,Node(87)
20,282,23,3,7,1,5,2,1,7,-6331262204354648026,Node(282)
20,282,8,3,4,1,3,0,1,4,-5233056147061022853,Node(250)
20,282,15,2,4,1,2,0,1,4,-3502197032094990224,Node(38)
20,282,21,4,6,1,5,1,1,6,3771176209431103620,Node(170)
20,282,19,4,6,1,5,1,1,6,-1575455760669674874,Node(87)
20,282,15,4,6,1,4,0,1,6,3622733818645381480,Node(24)
20,282,13,4,6,1,4,0,1,6,1566410155203444162,Node(223)
20,282,25,3,5,1,4,1,1,5,1089262189055106060,Node(66)
20,282,18,4,6,1,4,0,1,6,-5018608797153398796,Node(110)
20,282,22,5,7,1,5,0,1,7,-6608331208335682090,Node(42)
20,282,24,2,5,1,3,1,1,5,-4430695443469540713,Node(110)
20,282,12,5,7,1,5,0,1,7,5412199482298469052,Node(238)
20,282,8,5,6,1,5,0,1,6,-5091178073384664127,Node(215)
20,282,14,4,4,1,4,0,1,4,149590258322621566,Node(31)
20,282,8,2,4,1,2,0,1,4,5191209957608620623,Node(272)
20,282,24,4,6,1,4,0,1,6,8086904278885070732,Node(193)
20,282,27,4,8,1,6,2,1,8,222238247724261685,Node(133)
20,282,19,4,6,1,4,0,1,6,-4263521444234768020,Node(21)
20,282,19,3,4,1,3,0,1,4,2104037228449951852,Node(112)
20,282,13,5,5,1,5,0,1,5,-6222660731325718691,Node(77)
20,282,23,5,8,1,5,0,1,8,-3738719517781964638,Node(43)
20,282,10,2,3,1,2,0,1,3,8501209313252552355,Node(163)
20,282,25,3,6,1,3,0,1,6,-664593552826340257,Node(186)
20,282,29,4,4,1,4,0,1,4,4781551260983337667,Node(13)
20,282,21,4,5,1,4,0,1,5,-2658023023953008863,Node(20)
20,282,21,4,5,1,4,0,1,5,1825447086366214544,Node(71)
20,282,14,3,3,1,3,0,1,3,-5079707216958815586,Node(66)
20,282,14,4,7,1,5,1,1,7,4406940464995185812,Node(215)
20,282,16,3,5,1,3,0,1,5,-5422247466896469288,Node(141)
20,282,20,2,4,1,3,1,1,4,2171341920436968729,Node(137)
20,282,12,3,3,1,3,0,1,3,1514485776606782100,Node(236)
20,282,13,4,6,1,4,0,1,6,3247233537736082092,Node(269)
20,282,20,3,6,1,5,2,1,6,-3719178012830242882,Node(279)
20,282,29,3,4,1,3,0,1,4,2730617321852661845,Node(40)
20,282,18,5,6,1,5,0,1,6,1416600495887357839,Node(246)
20,282,22,4,6,1,4,0,1,6,586181895453930426,Node(135)
20,282,13,3,6,1,3,0,1,6,-6760938303132876981,Node(211)
20,282,16,5,6,1,5,0,1,6,4985668215416412240,Node(194)
20,282,21,5,6,1,5,0,1,6,-4239072833573292386,Node(52)
20,282,19,4,6,1,4,0,1,6,-8642454530488187058,Node(207)
20,282,16,3,5,1,4,1,1,5,-6079461753596737411,Node(121)
20,282,11,4,4,1,4,0,1,4,4475262564673669097,Node(80)
20,282,25,2,7,1,2,0,1,7,4984236194940888742,Node(267)
20,282,23,3,5,1,4,1,1,5,8011274119975242847,Node(238)
20,282,17,3,6,1,4,1,1,6,3408844028112031952,Node(194)
20,282,20,5,6,1,5,0,1,6,4985992965694851713,Node(129)
20,282,19,3,3,1,3,0,1,3,-5233006463461832860,Node(224)
20,282,11,3,5,1,3,0,1,5,-5350217200469026445,Node(195)
20,282,26,3,6,1,3,0,1,6,6501403825005232562,Node(108)
20,282,25,4,5,1,4,0,1,5,6203525939678080350,Node(265)
20,282,19,3,5,1,4,1,1,5,-6316778957344138296,Node(145)
20,282,20,4,8,1,4,0,1,8,-4353050656364145045,Node(85)
20,282,15,4,5,1,4,0,1,5,8291137420129210176,Node(189)
20,282,25,5,7,1,5,0,1,7,2135354846244367869,Node(247)
20,282,27,4,5,1,4,0,1,5,-7858243667148273771,Node(242)
20,282,12,3,6,1,3,0,1,6,-9101509713689041081,Node(88)
20,282,15,2,5,1,4,2,1,5,-774496870324464637,Node(110)
20,282,21,5,6,1,5,0,1,6,211948896874855583,Node(244)
20,282,22,4,5,1,4,0,1,5,-1069984500090427945,Node(284)
20,282,26,4,5,1,4,0,1,5,-2620548812888524746,Node(17)
20,282,21,4,6,1,4,0,1,6,2602766165612848357,Node(202)
20,282,19,3,5,1,3,0,1,5,9087222464682874100,Node(251)
20,282,23,3,4,1,3,0,1,4,5452555801217719352,Node(215)
20,282,23,3,6,1,3,0,1,6,5796555801335920383,Node(219)
20,282,16,5,5,1,5,0,1,5,1197313801709994472,Node(145)
20,282,30,2,6,1,3,1,1,6,-8616874304383284285,Node(284)
20,282,23,3,4,1,3,0,1,4,2752231241414197653,Node(113)
20,282,24,5,8,1,5,0,1,8,-2548036188199506551,Node(203)
20,282,24,4,4,1,4,0,1,4,5428211652362071953,Node(230)
20,282,22,4,7,1,4,0,1,7,8813764534129068753,Node(222)
20,282,16,4,6,1,4,0,1,6,9201557669234755001,Node(176)
20,282,20,4,5,1,4,0,1,5,6003479656780412630,Node(171)
20,282,12,4,4,1,4,0,1,4,6199505118883416203,Node(149)
20,282,19,5,7,1,5,0,1,7,-4237837715673637705,Node(104)
20,282,11,3,5,1,3,0,1,5,822435525740877832,Node(25)
20,282,14,3,5,1,3,0,1,5,-3034517605823112934,Node(272)
20,282,18,4,6,1,4,0,1,6,-8652728525744137682,Node(119)
20,282,17,6,9,1,6,0,1,9,-4659362291794221847,Node(35)
20,282,22,4,6,1,4,0,1,6,8902476967005241874,Node(225)
20,282,15,5,6,1,5,0,1,6,-5052014032319037747,Node(182)
20,282,24,3,4,1,3,0,1,4,6987404741111682799,Node(21)
20,282,14,4,7,1,4,0,1,7,-8461128897622595593,Node(56)
20,282,22,4,4,1,4,0,1,4,5636923202655783210,Node(248)
20,282,17,2,9,1,4,2,1,9,-1283884775297271938,Node(106)
20,282,21,4,5,1,5,1,1,5,-9021567659580538256,Node(277)
20,282,14,5,6,1,5,0,1,6,5430909130105165864,Node(237)
20,282,17,3,4,1,4,1,1,4,-942278268241439354,Node(127)
20,282,14,6,8,1,6,0,1,8,-4578014184767404823,Node(232)
20,282,16,5,9,1,5,0,1,9,-2547431346722203642,Node(128)
20,282,19,5,5,1,5,0,1,5,-3985103015581642013,Node(1)
20,282,21,3,4,1,3,0,1,4,-4429619298885367409,Node(240)
20,282,16,4,6,1,4,0,1,6,4904153084588927321,Node(177)
20,282,16,5,6,1,5,0,1,6,3650944084114758361,Node(122)
20,282,17,5,5,1,5,0,1,5,-2571504188281354368,Node(111)
20,282,26,4,6,1,4,0,1,6,-5636879911846847728,Node(201)
20,282,24,6,7,1,6,0,1,7,8013859245672958883,Node(19)
20,282,12,4,4,1,4,0,1,4,859495953715734270,Node(104)
20,282,11,4,5,1,4,0,1,5,-6525165687827337088,Node(252)
20,282,16,3,5,1,3,0,1,5,963367432828985405,Node(228)
20,282,12,5,6,1,5,0,1,6,-5827302785221118070,Node(262)
20,282,24,3,4,1,4,1,1,4,-8105535926886720199,Node(17)
20,282,25,4,7,1,4,0,1,7,-6844621345403958346,Node(265)
20,282,5,4,4,1,4,0,1,4,6699193581146904002,Node(49)
20,282,19,4,9,1,5,1,1,9,-7662654492474211756,Node(40)
20,282,16,5,6,1,5,0,1,6,6497174877004618043,Node(103)
20,282,12,4,6,1,4,0,1,6,5454678393878853052,Node(189)
20,282,21,4,6,1,4,0,1,6,4627863279934747716,Node(84)
20,282,12,4,7,1,5,1,1,7,-8707101466655288543,Node(185)
20,282,11,4,8,1,4,0,1,8,9000510203226172718,Node(93)
20,282,9,4,5,1,4,0,1,5,-5718759823954261242,Node(148)
20,282,26,4,4,1,4,0,1,4,7752972217381397192,Node(158)
20,282,23,3,5,1,3,0,1,5,-3998497178227422655,Node(224)
20,282,16,5,6,1,5,0,1,6,-6820655642777866568,Node(270)
20,282,27,3,4,1,3,0,1,4,-6953541911237388783,Node(271)
20,282,6,3,5,1,3,0,1,5,-840600252788400090,Node(35)
20,282,21,6,8,1,6,0,1,8,4143023556276998560,Node(181)
20,282,19,4,7,1,4,0,1,7,-6456415492956698843,Node(165)
20,282,19,3,5,1,4,1,1,5,346699259823573848,Node(113)
20,282,24,3,5,1,3,0,1,5,1782205162563737225,Node(137)
20,282,18,3,7,1,4,1,1,7,4253051463931710970,Node(64)
20,282,21,2,5,1,3,1,1,5,-1075192411488389002,Node(36)
20,282,14,4,8,1,4,0,1,8,822831523756698193,Node(91)
20,282,9,3,3,1,3,0,1,3,-487472724704021286,Node(24)
20,282,24,3,8,1,4,1,1,8,-1644584102086404397,Node(29)
20,282,27,5,7,1,5,0,1,7,5901340166644724124,Node(19)
20,282,15,4,7,1,4,0,1,7,1720173519929699836,Node(144)
20,282,14,5,6,1,5,0,1,6,-7166599393828967709,Node(54)
20,282,30,4,5,1,6,2,1,5,420787372342180042,Node(23)
20,282,15,7,9,1,7,0,1,9,-4431070701069018176,Node(275)
20,282,11,2,5,1,2,0,1,5,-6490380048384174994,Node(44)
20,282,22,5,6,1,5,0,1,6,-662684542505788823,Node(17)
20,282,22,4,6,1,4,0,1,6,4977102073662613472,Node(140)
20,282,23,5,7,1,5,0,1,7,4401716523451512448,Node(284)
20,282,22,3,6,1,4,1,1,6,2452609047219841389,Node(139)
20,282,15,4,6,1,4,0,1,6,4341070948629579513,Node(149)
20,282,20,4,7,1,4,0,1,7,-4556586937736576565,Node(17)
20,282,19,3,5,1,3,0,1,5,3389316696400116028,Node(17)
20,282,13,5,7,1,5,0,1,7,-1836256321679052869,Node(138)
20,282,29,2,7,1,4,2,1,7,-1401604162572279337,Node(224)
20,282,13,3,5,1,3,0,1,5,-6993221033403057652,Node(221)
20,282,15,3,5,1,3,0,1,5,3527441921739372685,Node(249)
20,282,22,4,6,1,4,0,1,6,8780095716461320249,Node(100)
20,282,16,6,6,1,6,0,1,6,8477396936128171696,Node(67)
20,282,17,4,5,1,4,0,1,5,8048921840811468391,Node(180)
20,282,19,5,6,1,5,0,1,6,-1159288681038502678,Node(48)
20,282,12,4,6,1,5,1,1,6,8846173308593992025,Node(277)
20,282,13,4,6,1,5,1,1,6,-2125954814194079876,Node(77)
20,282,16,4,5,1,4,0,1,5,-2387068140247459504,Node(131)
20,282,32,3,4,1,3,0,1,4,-7865889060495067868,Node(74)
20,282,16,4,7,1,4,0,1,7,3662006102477924479,Node(75)
20,282,17,4,8,1,5,1,1,8,-2344134085422771115,Node(170)
20,282,19,6,6,1,6,0,1,6,5763361973168276529,Node(205)
20,282,14,5,7,1,5,0,1,7,-8614766225629768980,Node(193)
20,282,24,4,5,1,4,0,1,5,-4850817536040010448,Node(149)
20,282,20,4,5,1,4,0,1,5,8518081679553580690,Node(54)
20,282,19,3,6,1,3,0,1,6,2319583769772482333,Node(3)
20,282,27,6,6,1,6,0,1,6,917734132325224476,Node(60)
20,282,12,4,6,1,4,0,1,6,8300353591890518997,Node(228)
20,282,18,4,7,1,5,1,1,7,8616460546688856159,Node(172)
20,282,11,4,5,1,4,0,1,5,4820811646999877572,Node(232)
20,282,20,4,9,1,5,1,1,9,3572803913513786065,Node(20)
20,282,17,4,6,1,5,1,1,6,-239658022103675812,Node(103)
20,282,9,3,5,1,4,1,1,5,2494582461901250756,Node(79)
20,282,23,3,8,1,4,1,1,8,-1323472306513284089,Node(30)
20,282,18,3,6,1,4,1,1,6,5280514975088757981,Node(284)
20,282,10,2,4,1,3,1,1,4,-1334389446292232353,Node(127)
20,282,17,3,3,1,3,0,1,3,-7626016253251864105,Node(111)
20,282,30,3,4,1,4,1,1,4,634586921617804490,Node(60)
20,282,19,4,5,1,5,1,1,5,5635337962747241868,Node(270)
20,282,10,3,5,1,3,0,1,5,2218928806166672726,Node(72)
20,282,22,5,8,1,5,0,1,8,-2184117579932094239,Node(220)
20,282,15,3,3,1,3,0,1,3,-1017649359700828837,Node(170)
20,282,22,4,10,1,4,0,1,10,-2267450422201480369,Node(8)
20,282,14,5,6,1,5,0,1,6,8831075488508119841,Node(16)
20,282,20,3,7,1,4,1,1,7,-224325532537516643,Node(220)
20,282,17,4,5,1,4,0,1,5,236901453576518581,Node(267)
20,282,18,3,5,1,3,0,1,5,-7346580235983257559,Node(148)
20,282,22,3,5,1,3,0,1,5,-5831706914505263338,Node(272)
20,282,19,4,7,1,5,1,1,7,4656034564638412750,Node(184)
20,282,18,6,7,1,6,0,1,7,8577715503513854632,Node(154)
20,282,21,4,5,1,4,0,1,5,-4128106810260593198,Node(36)
20,282,10,3,4,1,3,0,1,4,6737259099909992709,Node(127)
20,282,17,7,9,1,7,0,1,9,-8165651689681034885,Node(116)
20,282,19,5,7,1,5,0,1,7,-5454069562459179,Node(31)
20,282,17,3,5,1,3,0,1,5,1538386178890277114,Node(258)
20,282,16,4,5,1,4,0,1,5,-607911110076470976,Node(41)
20,282,20,3,7,1,3,0,1,7,7074012468239722485,Node(280)
20,282,19,4,8,1,4,0,1,8,359087214043442725,Node(125)
20,282,13,4,5,1,4,0,1,5,8032588945652852228,Node(55)
20,282,21,4,6,1,4,0,1,6,-8109246597158776455,Node(213)
20,282,17,4,6,1,5,1,1,6,-7098535248437980308,Node(255)
20,282,20,4,5,1,4,0,1,5,7167794657207096743,Node(146)
20,282,22,4,5,1,4,0,1,5,4291980245859091606,Node(202)
20,282,6,4,4,1,4,0,1,4,-8048994567499522916,Node(47)
20,282,17,4,5,1,4,0,1,5,7947925813881622123,Node(7)
20,282,21,4,6,1,4,0,1,6,3802030398606100572,Node(214)
20,282,22,3,6,1,4,1,1,6,113267091551086424,Node(61)
20,282,26,5,6,1,5,0,1,6,-3861248967835240000,Node(95)
20,282,19,4,5,1,4,0,1,5,-1181949507553333523,Node(216)
20,282,10,4,4,1,4,0,1,4,6789590132980718008,Node(204)
20,282,10,3,3,1,3,0,1,3,2836564026684924857,Node(190)
20,282,17,6,6,1,6,0,1,6,3891017365492067444,Node(77)
20,282,23,4,5,1,4,0,1,5,-7470549264178833732,Node(207)
20,282,23,3,5,1,3,0,1,5,-7144445490108738676,Node(173)
20,282,22,2,6,1,3,1,1,6,4878616812677939687,Node(156)
20,282,12,2,6,1,2,0,1,6,476586718415348047,Node(166)
20,282,19,4,5,1,4,0,1,5,1614054397810274343,Node(253)
20,282,24,5,7,1,5,0,1,7,8186155881024507390,Node(27)
20,282,21,5,5,1,5,0,1,5,8693271059262966344,Node(142)
20,282,22,4,5,1,5,1,1,5,8300815586192848692,Node(59)
20,282,18,4,7,1,4,0,1,7,6421327687511803610,Node(77)
20,282,15,4,5,1,4,0,1,5,6155935155919161628,Node(279)
20,282,24,4,5,1,5,1,1,5,3261051491964750700,Node(46)
20,282,20,4,6,1,4,0,1,6,-4467561844928670618,Node(136)
20,282,31,3,6,1,4,1,1,6,4596828823849875041,Node(220)
20,282,17,5,6,1,5,0,1,6,-7277941304624557940,Node(171)
20,282,19,4,7,1,5,1,1,7,1019682745324194860,Node(276)
20,282,17,6,6,1,6,0,1,6,-3925670960780400243,Node(246)
20,282,21,3,5,1,4,1,1,5,-9057358853494073827,Node(185)
20,282,20,5,6,1,5,0,1,6,4419224556630490194,Node(197)
20,282,22,3,4,1,4,1,1,4,-7913310071617413843,Node(137)
20,282,15,4,5,1,4,0,1,5,3825643880795307435,Node(205)
20,282,15,3,3,1,3,0,1,3,5910479514867876995,Node(243)
20,282,16,4,5,1,4,0,1,5,-212910385679637814,Node(279)
20,282,15,5,7,1,6,1,1,7,-1786024277628308309,Node(257)
20,282,23,3,5,1,4,1,1,5,3409884439863848219,Node(28)
20,282,20,3,5,1,5,2,1,5,-7569129500775285176,Node(17)
20,282,28,4,6,1,4,0,1,6,7154332782577483402,Node(51)
20,282,22,2,6,1,4,2,1,6,607183602703296125,Node(259)
20,282,17,6,7,1,6,0,1,7,157133337942419845,Node(33)
20,282,11,3,4,1,3,0,1,4,2868578316405998820,Node(218)
20,282,17,5,7,1,5,0,1,7,-4656776624581856759,Node(108)
20,282,30,4,7,1,4,0,1,7,7708169930155835850,Node(24)
20,282,21,4,8,1,4,0,1,8,5434837724037958987,Node(158)
20,282,18,2,4,1,3,1,1,4,7860623917921334294,Node(47)
20,282,9,4,4,1,4,0,1,4,-9017889591278996688,Node(273)
20,282,23,4,6,1,4,0,1,6,2093004891717358969,Node(281)
20,282,21,5,8,1,5,0,1,8,-1527081984071764552,Node(21)
20,282,29,5,5,1,5,0,1,5,-8109339927559171239,Node(198)
20,282,26,4,7,1,5,1,1,7,-4291218348636900621,Node(255)
20,282,24,5,5,1,5,0,1,5,768052038188062379,Node(212)
20,282,16,3,6,1,4,1,1,6,-3906758725580251638,Node(162)
20,282,20,3,6,1,3,0,1,6,537082015486243048,Node(98)
20,282,12,3,7,1,3,0,1,7,1465220989060818169,Node(59)
20,282,17,4,5,1,5,1,1,5,-113841903825282806,Node(8)
20,282,25,4,5,1,4,0,1,5,4145277006900086526,Node(140)
20,282,16,4,8,1,5,1,1,8,-6927861227199887743,Node(242)
20,282,11,3,6,1,3,0,1,6,2099824423278899321,Node(222)
20,282,22,4,9,1,4,0,1,9,487568602532399586,Node(45)
20,282,9,4,5,1,4,0,1,5,1286629591493753718,Node(100)
20,282,12,4,4,1,4,0,1,4,4794827771011849279,Node(280)
20,282,13,5,6,1,5,0,1,6,4147800720530281731,Node(281)
20,282,19,4,6,1,4,0,1,6,-6912049945293464238,Node(78)
20,282,7,2,4,1,2,0,1,4,-1730562789521799954,Node(112)
20,282,17,3,6,1,3,0,1,6,-2949019094605256488,Node(129)
20,282,4,3,3,1,3,0,1,3,-3675525008110370031,Node(64)
20,282,20,4,5,1,5,1,1,5,8065104417545682782,Node(271)
20,282,13,4,5,1,4,0,1,5,9157581299035729059,Node(175)
20,282,19,3,6,1,4,1,1,6,5893516335427164939,Node(110)
20,282,24,2,6,1,3,1,1,6,3283250939559263202,Node(109)
20,282,15,5,7,1,5,0,1,7,445663602129077382,Node(75)
20,282,14,2,6,1,4,2,1,6,4652616026705354802,Node(41)
20,282,14,5,6,1,5,0,1,6,-2655216855519680055,Node(245)
20,282,19,5,6,1,5,0,1,6,4362528290923119552,Node(14)
20,282,22,3,5,1,4,1,1,5,4773918580776603012,Node(220)
20,282,20,3,6,1,4,1,1,6,842551893136286974,Node(32)
20,282,14,4,4,1,4,0,1,4,3716180283168074818,Node(97)
20,282,20,3,5,1,3,0,1,5,6271916469181848154,Node(211)
20,282,17,3,5,1,3,0,1,5,-2213020283595578134,Node(196)
20,282,14,3,6,1,4,1,1,6,-3796938044593349194,Node(94)
20,282,15,3,5,1,3,0,1,5,1797397761644250122,Node(271)
20,282,26,3,6,1,4,1,1,6,-6032792496143612055,Node(61)
20,282,18,5,9,1,5,0,1,9,3859542606039435654,Node(259)
20,282,18,2,7,1,3,1,1,7,4857940008021742996,Node(12)
20,282,6,4,4,1,4,0,1,4,-1179035419642300181,Node(214)
20,282,13,3,4,1,4,1,1,4,6806441091379276349,Node(218)
20,282,19,4,4,1,4,0,1,4,-2373146402069904414,Node(15)
20,282,23,3,3,1,3,0,1,3,-7486126399857773272,Node(44)
20,282,26,4,5,1,4,0,1,5,4138170572488366594,Node(43)
20,282,25,4,5,1,4,0,1,5,-1773477327884880472,Node(83)
20,282,19,4,4,1,4,0,1,4,2700487951665609382,Node(237)
20,282,14,6,8,1,6,0,1,8,-7770275089239726914,Node(145)
20,282,20,4,6,1,4,0,1,6,1832351443941140639,Node(249)
20,282,19,3,5,1,3,0,1,5,-8625264489610916773,Node(228)
20,282,24,7,8,1,7,0,1,8,5403345219085426246,Node(94)
20,282,13,4,5,1,4,0,1,5,-8383478980576149256,Node(78)
20,282,20,5,8,1,6,1,1,8,4210564647243123794,Node(240)
20,282,17,4,6,1,4,0,1,6,-4745984736813128154,Node(220)
20,282,21,4,6,1,4,0,1,6,-8666468782902421627,Node(173)
20,282,17,3,4,1,3,0,1,4,-2764280893695321890,Node(219)
20,282,22,3,6,1,3,0,1,6,-4658930821224616104,Node(148)
20,282,13,3,3,1,3,0,1,3,-160423187047140216,Node(188)
20,282,24,4,4,1,4,0,1,4,-6969999161973710496,Node(43)
20,282,29,4,8,1,5,1,1,8,7764506400080962238,Node(225)
20,282,9,5,5,1,5,0,1,5,-5077386370806318632,Node(207)
20,282,11,3,4,1,3,0,1,4,225817246621647918,Node(232)
20,282,26,5,7,1,5,0,1,7,8213441842961362211,Node(260)
20,282,19,3,8,1,5,2,1,8,-8589696661184884795,Node(82)
20,282,12,3,5,1,3,0,1,5,-2177539709494939247,Node(65)
20,282,21,4,7,1,5,1,1,7,-1447571727656010401,Node(186)
20,282,23,4,6,1,4,0,1,6,-8889144894708564009,Node(26)
20,282,16,4,5,1,4,0,1,5,-1457341367367144694,Node(2)
20,282,19,4,4,1,4,0,1,4,6103587853844264202,Node(195)
20,282,24,3,6,1,3,0,1,6,925478010485758238,Node(106)
20,282,28,3,5,1,4,1,1,5,-4195877348167490674,Node(213)
20,282,16,3,6,1,3,0,1,6,566515418088849126,Node(127)
20,282,14,3,3,1,3,0,1,3,5731656871810219981,Node(204)
20,282,14,3,7,1,4,1,1,7,-418354360027623755,Node(212)
20,282,20,3,4,1,3,0,1,4,9149031849155123992,Node(37)
20,282,26,5,8,1,5,0,1,8,1681027667436824598,Node(215)
20,282,23,4,7,1,5,1,1,7,3859894213905546835,Node(139)
20,282,24,7,7,1,7,0,1,7,-4815444776622056564,Node(266)
20,282,18,4,7,1,5,1,1,7,5692143592446607370,Node(211)
20,282,26,4,6,1,4,0,1,6,-2701201222771933330,Node(225)
20,282,22,4,5,1,4,0,1,5,1701874615211031872,Node(269)
20,282,7,4,4,1,4,0,1,4,-2450545079144232434,Node(31)
20,282,17,3,6,1,4,1,1,6,-8796159908307744359,Node(205)
20,282,18,4,6,1,5,1,1,6,4626149096382947705,Node(98)
20,282,19,4,5,1,4,0,1,5,-4033096895303392883,Node(2)
20,282,18,5,6,1,5,0,1,6,4105142297841971526,Node(119)
20,282,23,5,5,1,5,0,1,5,-937541815399673490,Node(198)
20,282,20,4,7,1,4,0,1,7,9042372574371180578,Node(48)
20,282,13,2,5,1,3,1,1,5,9105241140049788252,Node(66)
20,282,22,3,6,1,5,2,1,6,3644672816515615005,Node(169)
20,282,19,4,6,1,4,0,1,6,-5648819477857878449,Node(15)
20,282,13,4,7,1,5,1,1,7,-596793594653818853,Node(153)
20,282,19,4,6,1,4,0,1,6,4091467909061492837,Node(82)
20,282,20,3,4,1,3,0,1,4,5030224941456560527,Node(149)
20,282,19,3,7,1,4,1,1,7,-936354356464900273,Node(152)
20,282,26,5,7,1,5,0,1,7,-7670405192102623364,Node(181)
20,282,28,4,4,1,4,0,1,4,4276495204627247162,Node(225)
20,282,13,4,5,1,4,0,1,5,-6322865264286448432,Node(129)
20,282,22,3,6,1,3,0,1,6,-8528204301264626205,Node(103)
20,282,21,3,4,1,3,0,1,4,2523589785251808860,Node(156)
20,282,20,4,5,1,4,0,1,5,-117162804870357132,Node(79)
20,282,13,6,7,1,6,0,1,7,7799134502411386685,Node(266)
20,282,20,3,8,1,4,1,1,8,594219964268492169,Node(8)
20,282,14,4,6,1,5,1,1,6,-194637007205924600,Node(175)
20,282,14,2,4,1,3,1,1,4,6217235464827241295,Node(234)
20,282,22,3,7,1,4,1,1,7,3583033526932081451,Node(224)
20,282,13,2,6,1,4,2,1,6,-4666567572085974918,Node(29)
20,282,19,4,7,1,4,0,1,7,6128520531882585877,Node(182)
20,282,13,4,5,1,4,0,1,5,5046300461651822099,Node(44)
20,282,20,7,9,1,7,0,1,9,7396524155647280321,Node(216)
20,282,18,5,6,1,5,0,1,6,-4282614747588915078,Node(217)
20,282,14,5,6,1,5,0,1,6,-7911286941754935122,Node(257)
20,282,13,4,4,1,4,0,1,4,-288872029453565647,Node(223)
20,282,21,3,5,1,4,1,1,5,7678423834772957024,Node(179)
20,282,22,3,4,1,3,0,1,4,-6146711188023719771,Node(251)
20,282,19,5,10,1,5,0,1,10,886404604141456496,Node(53)
20,282,17,4,4,1,4,0,1,4,2188084220960221023,Node(187)
20,282,18,4,4,1,4,0,1,4,2538640513412015761,Node(4)
20,282,24,5,6,1,5,0,1,6,1746422226242996682,Node(121)
20,282,17,3,5,1,4,1,1,5,-1853099031105331472,Node(42)
20,282,23,4,4,1,4,0,1,4,6991073089948837644,Node(97)
20,282,9,3,3,1,3,0,1,3,-207403678552268517,Node(225)
20,282,23,4,4,1,4,0,1,4,-3375045637890162829,Node(148)
20,282,14,2,4,1,2,0,1,4,8349468340070556398,Node(25)
20,282,11,3,5,1,3,0,1,5,-8397741802593061348,Node(159)
20,282,23,4,6,1,4,0,1,6,-2886708876542824776,Node(178)
20,282,14,3,4,1,3,0,1,4,6662985802202572871,Node(57)
20,282,16,3,5,1,3,0,1,5,6907721931792002622,Node(31)
20,282,22,5,6,1,5,0,1,6,1437167526287928391,Node(273)
20,282,20,4,9,1,4,0,1,9,-6047139473043410564,Node(75)
20,282,9,3,3,1,3,0,1,3,5309422352505152496,Node(165)
20,282,21,3,6,1,3,0,1,6,3525785590133703592,Node(3)
20,282,21,4,5,1,4,0,1,5,1740871716783638299,Node(39)
20,282,21,3,5,1,4,1,1,5,-439584577855217192,Node(257)
20,282,21,5,5,1,5,0,1,5,4379784401290799483,Node(91)
20,282,18,3,6,1,4,1,1,6,-5902934869129979859,Node(9)
20,282,16,2,7,1,4,2,1,7,2806468105859372801,Node(216)
20,282,25,3,5,1,3,0,1,5,8191908001424303807,Node(183)
20,282,20,5,7,1,5,0,1,7,-6454472697174280579,Node(144)
20,282,9,4,5,1,4,0,1,5,-1579459103809743753,Node(13)
20,282,13,3,5,1,4,1,1,5,-2820977377825475033,Node(229)
20,282,14,2,5,1,2,0,1,5,2983989945378136444,Node(125)
20,282,22,4,4,1,4,0,1,4,-4088536984928285542,Node(198)
20,282,23,3,5,1,3,0,1,5,-950564663864284584,Node(15)
20,282,20,5,7,1,5,0,1,7,-7599063234740736788,Node(233)
20,282,19,5,9,1,6,1,1,9,-6358727808458995116,Node(277)
20,282,18,3,4,1,3,0,1,4,-6734668929238178676,Node(223)
20,282,21,5,5,1,5,0,1,5,3403779113828071780,Node(127)
20,282,7,2,2,1,2,0,1,2,-2451159253068313635,Node(84)
20,282,15,4,6,1,5,1,1,6,-8776009260422985884,Node(228)
20,282,23,3,5,1,4,1,1,5,8157191274624178223,Node(171)
20,282,13,2,3,1,2,0,1,3,3142859606774976341,Node(233)
20,282,21,3,4,1,3,0,1,4,-8807866333776620532,Node(19)
20,282,18,4,4,1,4,0,1,4,-473628087097748529,Node(157)
20,282,11,5,5,1,5,0,1,5,6247096592575099246,Node(230)
20,282,16,5,7,1,5,0,1,7,-973574119325213845,Node(26)
20,282,17,5,8,1,6,1,1,8,4117584432267885248,Node(166)
20,282,26,3,6,1,5,2,1,6,-6231327871433030924,Node(226)
20,282,21,4,7,1,4,0,1,7,-7444627535294330672,Node(274)
20,282,15,4,7,1,5,1,1,7,-4351785261484705023,Node(277)
20,282,24,3,11,1,4,1,1,11,-4807502909539358992,Node(280)
20,282,21,3,6,1,4,1,1,6,5052197878350576143,Node(181)
20,282,7,2,2,1,2,0,1,2,5297563284880504975,Node(185)
20,282,18,6,6,1,6,0,1,6,-341623987122357412,Node(7)
20,282,27,4,5,1,4,0,1,5,6864513944033350541,Node(285)
20,282,10,3,3,1,3,0,1,3,801175684527620207,Node(159)
20,282,15,4,5,1,4,0,1,5,4874818867007284094,Node(64)
20,282,18,4,7,1,5,1,1,7,-1075207458617439880,Node(153)
20,282,8,3,4,1,3,0,1,4,4906827208112903592,Node(216)
20,282,14,4,6,1,4,0,1,6,5481061453928729630,Node(32)
20,282,16,5,5,1,5,0,1,5,-2319024817969226496,Node(78)
20,282,14,5,6,1,5,0,1,6,8403315312391308016,Node(233)
20,282,18,5,6,1,5,0,1,6,3484280399528404211,Node(185)
20,282,12,4,5,1,4,0,1,5,4424105913616914635,Node(165)
20,282,23,4,5,1,4,0,1,5,-196260534148910171,Node(209)
20,282,24,4,4,1,4,0,1,4,6159231237260948986,Node(123)
20,282,14,4,5,1,4,0,1,5,-7800185242338654389,Node(253)
20,282,13,4,8,1,5,1,1,8,7170963863732672608,Node(68)
20,282,20,3,6,1,4,1,1,6,2951974784574468717,Node(84)
20,282,31,5,8,1,5,0,1,8,-4879860631296549474,Node(45)
20,282,17,4,6,1,4,0,1,6,-8068295118094390023,Node(44)
20,282,9,2,4,1,2,0,1,4,6271490893766740329,Node(145)
20,282,23,4,4,1,4,0,1,4,-880989130329425955,Node(224)
20,282,16,5,5,1,5,0,1,5,8161853147161570860,Node(12)
20,282,21,3,8,1,4,1,1,8,-6722888360495097132,Node(106)
20,282,17,3,4,1,3,0,1,4,4967739381521244147,Node(155)
20,282,20,4,6,1,4,0,1,6,5215605448900661890,Node(225)
20,282,28,2,6,1,3,1,1,6,8905301430136680457,Node(57)
20,282,28,4,6,1,4,0,1,6,-2202551246439712370,Node(37)
20,282,22,4,7,1,4,0,1,7,-5633266530198710111,Node(133)
20,282,30,3,4,1,3,0,1,4,-5876805366157644831,Node(57)
20,282,9,2,2,1,2,0,1,2,-3921134522285457579,Node(193)
20,282,17,5,5,1,5,0,1,5,5761207830365989389,Node(266)
20,282,16,3,5,1,3,0,1,5,-7996830863921260624,Node(114)
20,282,5,2,2,1,2,0,1,2,-7092785454825876136,Node(223)
20,282,11,5,6,1,5,0,1,6,8943580632650918776,Node(138)
20,282,22,4,7,1,4,0,1,7,-2365947565174556211,Node(276)
20,282,17,3,4,1,3,0,1,4,3506447872135440480,Node(107)
20,282,24,3,7,1,4,1,1,7,-4934958056446162438,Node(150)
20,282,10,3,4,1,3,0,1,4,-6282862005867571936,Node(208)
20,282,16,3,4,1,3,0,1,4,-3571353084417357359,Node(45)
20,282,15,2,2,1,2,0,1,2,6824327399212349383,Node(118)
20,282,22,4,5,1,4,0,1,5,2127932283228681367,Node(76)
20,282,17,4,7,1,4,0,1,7,-6845619567567329031,Node(87)
20,282,9,1,2,1,1,0,1,2,-8239809573628034279,Node(220)
20,282,17,4,6,1,4,0,1,6,8883763518482599377,Node(24)
20,282,17,4,6,1,4,0,1,6,3381117363674543415,Node(157)
20,282,16,6,6,1,6,0,1,6,5502264719263818487,Node(239)
20,282,21,5,6,1,5,0,1,6,-7318094397740199040,Node(270)
20,282,24,4,6,1,5,1,1,6,101700728240612355,Node(100)
20,282,12,4,5,1,4,0,1,5,7899311418167786477,Node(14)
20,282,19,5,6,1,5,0,1,6,-7357456777431369199,Node(77)
20,282,16,2,6,1,3,1,1,6,4615815948759589156,Node(242)
20,282,33,4,6,1,4,0,1,6,6802170719018745326,Node(79)
20,282,24,4,4,1,4,0,1,4,-4259173467794574750,Node(162)
20,282,19,3,5,1,4,1,1,5,-2685852096469087819,Node(267)
20,282,19,2,5,1,2,0,1,5,594811075610126691,Node(275)
20,282,5,3,3,1,3,0,1,3,-549481176485414160,Node(37)
20,282,23,4,6,1,4,0,1,6,5516504090841138045,Node(236)
20,282,12,5,6,1,5,0,1,6,-637547646163720094,Node(70)
20,282,18,4,5,1,5,1,1,5,5302371515228992840,Node(282)
20,282,19,4,5,1,4,0,1,5,-7663724163291146566,Node(69)
20,282,26,3,4,1,3,0,1,4,-4808019016696463280,Node(260)
20,282,27,3,6,1,3,0,1,6,9164239657864444213,Node(14)
20,282,24,5,6,1,5,0,1,6,-8928097187121363883,Node(155)
20,282,9,3,4,1,3,0,1,4,917412923474701915,Node(252)
20,282,12,4,4,1,4,0,1,4,1404407998532774206,Node(169)
20,282,17,5,7,1,6,1,1,7,6956724491347229983,Node(158)
20,282,24,4,6,1,4,0,1,6,3449262037149913761,Node(10)
20,282,25,4,5,1,4,0,1,5,4691588636142956345,Node(124)
20,282,12,2,4,1,3,1,1,4,5195422461331026829,Node(97)
20,282,11,3,3,1,3,0,1,3,7405564609964992076,Node(179)
20,282,26,3,5,1,3,0,1,5,-3967836762255398120,Node(229)
20,282,9,4,4,1,4,0,1,4,3307874789703407192,Node(218)
20,282,19,6,7,1,6,0,1,7,976493720532096757,Node(110)
20,282,22,4,7,1,4,0,1,7,-8407724969267448385,Node(277)
20,282,23,4,5,1,4,0,1,5,-9168875057053162989,Node(151)
20,282,18,4,5,1,4,0,1,5,-5737196116705972814,Node(269)
20,282,15,3,6,1,5,2,1,6,-650993394295301599,Node(130)
20,282,24,4,5,1,4,0,1,5,-1757933735605034865,Node(103)
20,282,27,4,8,1,5,1,1,8,-7040848489983645287,Node(86)
20,282,7,3,5,1,4,1,1,5,-4629079587100025508,Node(236)
20,282,14,3,4,1,3,0,1,4,7165310346115701526,Node(83)
20,282,23,4,5,1,4,0,1,5,6281590150002745542,Node(149)
20,282,24,3,6,1,3,0,1,6,483372318895462529,Node(109)
20,282,18,5,7,1,5,0,1,7,6546399868767458653,Node(96)
20,282,22,3,5,1,3,0,1,5,-1932665552898389187,Node(115)
20,282,17,7,10,1,7,0,1,10,-8132683626315066961,Node(33)
20,282,20,3,5,1,3,0,1,5,-7451169484350084171,Node(23)
20,282,22,2,5,1,4,2,1,5,1152585689500502670,Node(57)
20,282,21,3,5,1,3,0,1,5,-5647716981785989995,Node(36)
20,282,20,3,4,1,3,0,1,4,1737869224298290575,Node(47)
20,282,23,6,7,1,6,0,1,7,3354699596109652703,Node(159)
20,282,6,3,3,1,3,0,1,3,-8788007098216331434,Node(145)
20,282,18,3,5,1,3,0,1,5,5268839172563395080,Node(36)
20,282,19,6,6,1,6,0,1,6,8410688437503007113,Node(22)
20,282,21,3,5,1,4,1,1,5,-6105872639095301559,Node(170)
20,282,13,5,5,1,5,0,1,5,-3509332802762282574,Node(65)
20,282,14,5,7,1,5,0,1,7,-2636584828536272361,Node(89)
20,282,16,4,6,1,4,0,1,6,-2160803000170991408,Node(6)
20,282,19,3,7,1,4,1,1,7,-8298061358689047039,Node(207)
20,282,18,4,5,1,4,0,1,5,5142214837796439304,Node(244)
20,282,20,3,4,1,3,0,1,4,3224300372993554148,Node(173)
20,282,14,3,7,1,5,2,1,7,-1920796471049091552,Node(40)
20,282,16,4,6,1,4,0,1,6,-56892359484493809,Node(4)
20,282,25,3,4,1,3,0,1,4,6022746447162945868,Node(16)
